Drimmni,Pronunciation,Part of speech,English
a,/ʔaː/,num.,ten
a,/ʔa/,det.,all
a,/a/,det.,any
a,/aː/,adj.,right (direction)
a,/a/,det.,the
ä,/ɛː/,nc.,girl; woman
a feu,/ʔaː fɔʏ̯/,nd.,decade
abb,/ap/,nd.,tire
abbree,/ˈabʁeː/,adj.,favorite
abre,/ˈaːbʁɛ/,nc.,chief; boss
äbuppwänn,/ˈɛːbʊpvɛn/,nd.,tent; canvas
äch,/ɛç/,v.,circulate; publish
achdt,/aːçt/,v.,discharge; excuse
ächelpsdt,/ˈɛçəlpst/,nd.,circulation
achs,/aks/,adj.,raw
achtichts,/ˈaçtɪçts/,nd.,panorama
achtüpdt,/ˈʔaçtyːpt/,nd.,bucket
ächtussdt,/ˈʔɛxtʊst/,nd.,drugstore
ack,/ak/,nd.,mustache
ackdt,/ʔakt/,nd.,candy; vagina (slang)
ackdt,/akt/,adj.,slow
ädi,/ˈɛːdɪ/,v.,splash; spray
ädt,/ɛt/,adj.,sincere; earnest
äfdt,/ɛft/,nc.,bill; check
agng,/agŋ/,nd.,experiment
äh,/eː/,det.,same
äh,/ʔeː/,v.,trade
äh sinnüchs,/eː ˈzɪnʏks/,nd.,homosexual
ähchdt,/eːxt/,nd.,shame; stigma; guilt
ähchresch,/ˈeːxʁəʃ/,adv.,usually
ähchs,/eːks/,nd.,wire
ähl,/eːl/,nc.,pair
ählsch,/eːlʃ/,nd.,feast; picnic
ähndt,/eːnt/,adj.,local
ährdeu,/ˈeːʁdɔʏ̯/,nc.,velocity
ähs,/eːs/,nc.,balcony
ähsch,/eːʃ/,nc.,thunder
ähtl,/eːtl/,nd.,fly
ai,/aɪ̯/,prep.,onto
aichelpsdt,/ˈaɪ̯çəlpst/,nc.,permission
aidt,/ʔaɪ̯t/,nc.,poison
ain,/aɪ̯n/,v.,kill; murder; destroy
aintsalk,/ˈaɪ̯ntsaːlk/,v.,accompany
aischtasstkö,/ˈaɪ̯ʃtastkœ/,nc.,memento; souvenir
ak,/aːk/,v.,crash; collide
äk,/ɛːk/,adj.,volatile
äkdt,/ɛːkt/,nd.,breakfast
äl,/ɛːl/,nc.,reptile
äle,/ˈɛːlə/,nd.,compass
älk,/ʔɛːlk/,adv.,far
all,/al/,nd.,counter (flat; elevated surface)
allb,/alp/,adj.,keen
alldt,/alt/,v.,bow (greet)
aller,/ˈalɐ/,nc.,cuff
allpsdt,/alpst/,adj.,apparent
alls,/als/,v.,attach
ämm,/ɛm/,nc.,boat; ship; canoe; yacht
äng,/ɛŋ/,nd.,eagle
angsdt,/aŋst/,nd.,event (occurrence); incident
änk,/ɛŋk/,adj.,live
ann,/an/,nc.,lunch
ännarts,/ˈɛnaʁts/,v.,swirl
änndolle,/ˈɛndɔle/,nc.,engine; motor
änndt,/ɛnt/,nc.,blasphemy; heresy
annsdt,/anst/,adj.,right; correct; valid; moral; noble
ännsdt,/ɛnst/,nd.,biscuit
änsdt,/ɛːnst/,nd.,bargain
äppdt,/ʔɛpt/,nd.,carcass
apsch,/aːpʃ/,nd.,god
ar,/ʔaʁ/,nd.,tub
ardt,/aːʁt/,nc.,pornography
ardt,/aʁt/,nc.,burger
ärdt,/ɛːʁt/,nd.,throat
ärdt,/ɛʁt/,v.,murmur; hum; mumble
arf,/aːʁf/,nd.,venue
ärn,/ɛʁn/,nd.,charity
ärsä,/ˈeːʁzɛ/,nd.,festival
arsch,/aːʁʃ/,nd.,rubble; debris; junk
artängchs,/ˈaʁtɛŋks/,v.,defecate
ärts,/ɛʁts/,det.,much
as,/aːs/,nc.,sketch
asch,/aːʃ/,adj.,damn
äsickzi,/ˈɛːzɪkʦɪ/,v.,smell (emit odor); stink
äss,/ɛs/,nc.,trunk (of tree); stem
assla,/ˈaslaː/,nc.,park
asü,/ˈaːsʏ/,v.,learn
aʧ,/ʔaʧ/,v.,count
attl,/atl/,adj.,weak; sick; fragile
ättl,/ɛtl/,nd.,tooth
ättlittü,/ˈɛtlɪtʏ/,nd.,dentist
au,/aʊ̯/,nc.,country (rural area)
au,/ʔaʊ̯/,nd.,rose
auch,/aʊ̯x/,v.,surprise; astonish; shock
aukdt,/aʊ̯kt/,nd.,orchard; plantation
aunföckdt,/ˈaʊ̯nfœkt/,v.,afford
aung,/aʊ̯ŋ/,adj.,white; blank
aung dickäch,/aʊ̯ŋ ˈdikɛç/,nc.,cabbage
aurdt,/aʊ̯ʁt/,nd.,brass
aursch,/ʔaʊ̯ʁʃ/,nd.,saw
aus,/ʔaʊ̯s/,v.,believe
ausch,/aʊ̯ʃ/,nd.,planet
auselpsdt,/ˈʔaʊ̯səlpst/,nd.,belief
auʧ,/aʊ̯ʧ/,nd.,oyster
äzdä,/ˈɛʦdɛː/,v.,melt; dissolve; evaporate
ba,/ba/,v.,roast
ba,/baː/,nd.,coffee
bä,/bɛː/,adj.,lucky
bächi,/ˈbɛçi/,v.,liberate
bäckü,/ˈbɛkyː/,v.,prosecute
bähnsch,/beːnʃ/,prep.,versus
baieis,/ˈbaɪ̯aɪ̯s/,adj.,cultural
baindt,/baɪ̯nt/,adj.,honest
bajaundt,/ˈbaːjaʊ̯nt/,v.,exercise
bak,/baːk/,v.,avoid; avert; divert; escape; distract; deter
bängchs,/bɛŋks/,prep.,near
bannre,/ˈbanʁə/,v.,surround
bappdt,/bapt/,nc.,archive
basdt,/baːst/,nd.,cafe
bäʧ,/bɛːʧ/,nc.,luck
baun,/baʊ̯n/,nd.,toilet
baurl,/baʊ̯ʁl/,v.,hope
baurlelpsdt,/ˈbaʊ̯ʁləlpst/,nc.,hope
be,/bə/,v.,stretch
be,/bɛ/,v.,publish
be,/be/,v.,bribe
be,/beː/,nd.,return
bechts,/bɛçts/,nd.,dynamics
beh,/beː/,v.,return; go back; replace
behnts,/beːnts/,nd.,spy
behto,/ˈbeːto/,nd.,torso; trunk (of tree)
bei,/baɪ̯/,nd.,culture
beich,/baɪ̯x/,conj.,even
belk,/bəlk/,nc.,flesh
bem,/bəm/,nd.,coat; jacket; layer
bendt,/bənt/,adj.,cool (fashionable)
ber,/bɐ/,adv.,ever
berbb,/bɐp/,nc.,weapon
berdt,/bəʁt/,v.,dodge
berngchs,/bɐŋks/,v.,damage; impair
berngchs,/bɐŋks/,nc.,damage
berppussdt,/ˈbɐpʊst/,nc.,armory
berssch,/bɐʃ/,v.,dispose
betl,/bətl/,v.,mean (signify); express
beʧ,/bəʧ/,nc.,justice; tribunal
betts,/bɛts/,nc.,path; track; road
beu,/bɔʏ̯/,adj.,famous
beuchlojö,/ˈbɔʏ̯çlɔjøː/,nc.,thing; stuff; matter (substance; material); item
beugng,/bɔʏ̯gŋ/,v.,insist; protest; persist
beupf,/bɔʏ̯pf/,nd.,date
bewynsch,/ˈbəvynʃ/,prep.,before
bi,/bɪ/,v.,live; survive; exist
bi,/bi/,v.,wonder
bi,/bɪ/,nc.,life (living organism)
biälsch,/ˈbɪɛːlʃ/,nd.,thesis
bie,/biː/,v.,chop
bielpsdt,/ˈbɪəlpst/,nd.,existence
biesch,/biːʃ/,nd.,museum
bimmpf,/bimpf/,nd.,stew
bingsenfdt,/ˈbiŋzənft/,adv.,well
birpö,/ˈbɪʁpøː/,v.,haggle
bitts,/bits/,nd.,book; novel
bittsussdt,/ˈbitsʊst/,nd.,library
bla,/blaː/,nd.,direction (way)
blä,/blɛː/,adv.,so; very; really; therefore; thus
blä,/blɛ/,v.,blow
blä,/bleː/,nd.,pest; bully
blach,/blaːç/,nc.,hero; protagonist; idol
blam,/blaːm/,nc.,content
blannru,/ˈblanʁuː/,nc.,trouble
bläsdt,/blɛːst/,v.,pollute; infect; contaminate
ble,/blə/,nd.,game
blehrkö,/ˈbleːʁkœ/,v.,rise
blei,/blaɪ̯/,nc.,snake
bler,/blɐ/,nd.,layout
blerl,/blɐʁl/,nd.,test
bletl,/blətl/,v.,envision
bleuls,/blɔʏ̯ls/,nc.,armpit
bli,/bli/,v.,torture; oppress
bli,/blɪ/,v.,fry; simmer
blichdt,/blɪçt/,nc.,public
blie,/bliː/,conj.,because
blillter,/ˈblɪltɐ/,nc.,stalemate
blirf,/blɪʁf/,nd.,parsley
blo,/blo/,v.,save (put aside); collect
blo,/blɔ/,v.,prefer
blö,/bløː/,nd.,case; incident
blö,/blœ/,nc.,section; compartment; piece; portion
blochöchtör,/ˈbloːxøːçtøːʁ/,nc.,frenzy
blochts,/blɔçts/,adj.,vibrant
blonnsch,/blonʃ/,nd.,funeral
bloo,/bloː/,nc.,pressure
blor,/blɔʁ/,v.,arm
blöss,/blœs/,nd.,chest
bloʧ,/blɔʧ/,nd.,diary; memoir
blu,/blʊ/,nd.,politics
blu,/blu/,adj.,fluent
blü,/blʏ/,v.,limp
blü,/blyː/,v.,obsess
bluais,/ˈblʊaɪ̯s/,adj.,political
bludt,/blut/,nc.,rank (military); rank (position)
blüss,/blʏs/,nc.,recession
bluttü,/ˈblʊtʏ/,nc.,politician
bluwi,/ˈbluvɪ/,nc.,asteroid; comet
bly,/bly/,nd.,shed
blych,/blyç/,v.,diagnose
blyntu,/ˈblyntʊ/,nc.,draft
blyʧ,/blyʧ/,v.,pause
bo,/bɔ/,adv.,here
bo,/bo/,v.,define
bö,/bœ/,prep.,over
bö,/bøː/,nd.,lightning
bom,/boːm/,v.,obey
bonnf,/bɔnf/,nd.,top (clothing)
bonnfdt,/bɔnft/,adj.,gray
boo,/boː/,nd.,orbit
bördt,/bœʁt/,nc.,claw
bottl,/bɔtl/,nc.,lap
böχe,/ˈbøːχe/,nc.,melody; tune
bra,/bʁaː/,v.,confess
bra,/bʁa/,nc.,athlete
brä,/bʁɛː/,v.,encounter
brächs,/bʁɛks/,v.,teach; instruct; educate; coach
brahieng,/ˈbʁahiːŋ/,nd.,destiny; fate
braipf,/bʁaɪ̯pf/,nd.,avenue; artery
brannchmirwi,/ˈbʁançmiʁvɪ/,nd.,plaque
brannsch,/bʁanʃ/,adj.,fair; just
brauts,/bʁaʊ̯ts/,v.,punch; beat (strike)
bre,/bʁə/,num.,one
bre,/bʁeː/,nd.,doll; puppet
bre,/bʁɛ/,v.,cling
brech,/bʁɛç/,v.,reinforce
brechsittü,/ˈbʁɛksɪtʏ/,nc.,teacher
brechte,/ˈbʁeçtɛ/,nd.,priority
brei,/bʁaɪ̯/,adj.,tired (needing sleep); tired (needing rest)
breiga,/ˈbʁaɪ̯gaː/,nc.,sin
breildt,/bʁaɪ̯lt/,nd.,economy
breilteis,/ˈbʁaɪ̯ltaɪ̯s/,adj.,economic
brelsch,/bʁəlʃ/,nd.,closure
brer,/bʁɐ/,nd.,face; forehead; brow; side; front; expression; character; persona; facade; surface
brerfdt,/bʁɐft/,adj.,aroused (sexually)
brerll,/bʁɐl/,v.,blend
brermm,/bʁɐm/,v.,decorate
brern,/bʁɐʁn/,nc.,wedding
brernna,/ˈbʁɐna/,conj.,unless
brernndt,/bʁɐnt/,nc.,pub; bar (pub)
bresdt,/bʁəst/,v.,contain; incorporate
bretkinndyndt,/ˈbʁətkɪndynt/,nd.,chime
bretu,/ˈbʁətu/,interj.,well
breu,/bʁɔʏ̯/,v.,generate
breuk,/bʁɔʏ̯k/,adj.,sudden; abrupt; swift
breukösch,/ˈbʁɔʏ̯køːʃ/,adv.,suddenly
bri,/bʁi/,nc.,hallway; corridor
bri,/bʁɪ/,nd.,crumb
brie,/bʁiː/,nd.,group; community; gang; colony; crowd; party; society; bundle
brieldt,/bʁiːlt/,v.,nag
brienguhdt,/ˈbʁiːnguːt/,v.,fail
brienguhtelpsdt,/ˈbʁiːnguːtəlpst/,nd.,failure
brimm,/bʁɪm/,v.,spawn
brinnfi,/ˈbʁɪnfɪ/,nd.,course (direction of travel); direction (way)
bro,/bʁɔ/,v.,shock; stun; surprise; startle
bro,/bʁo/,v.,smile
brö,/bʁœ/,nd.,health
brö,/bʁøː/,nd.,surface; skin
broch,/bʁoç/,nd.,sock
bröchs,/bʁœks/,adj.,healthy
brohndt,/bʁoːnt/,v.,breathe
brohnlunkdt,/ˈbʁoːnluŋkt/,nc.,minute
brolls,/bʁols/,nc.,copper; bronze
bronn,/bʁɔn/,v.,establish
broochs,/bʁoːks/,v.,inflict
bru,/bʁu/,prep.,after
brü,/bʁyː/,v.,like; admire; enjoy; worship
brü,/bʁʏ/,v.,grind
bruch,/bʁʊç/,v.,scatter
bruh,/bʁuː/,v.,reach; achieve; accomplish
brünn,/bʁʏn/,nc.,puzzle; maze
brunndt,/bʁunt/,v.,register; book
brüppdt,/bʁʏpt/,v.,whistle; hiss
brurn,/bʁʊʁn/,adj.,innocent
bruro,/ˈbʁuːʁo/,adv.,only; merely; hardly
brussi,/ˈbʁʊzi/,nd.,goose
brütts,/bʁʏts/,adj.,sad
brüttsaʧ,/ˈbʁʏtsaːʧ/,nd.,sadness
bry,/bʁy/,nd.,tuna
bu,/bʊ/,prep.,across
bu,/bu/,adj.,rugged
bü,/byː/,adj.,free
bü,/bʏ/,nd.,butter
bübb,/bʏp/,nc.,bass
buch,/buç/,v.,execute
buckdt,/bʊkt/,nd.,fruit
buf,/buf/,nd.,twin
buh,/buː/,conj.,while
buhpf,/buːpf/,v.,send; transfer
bulldt,/bʊlt/,adv.,barely; merely; hardly
bunndt,/bʊnt/,v.,satisfy; convince
butte,/ˈbʊteː/,nd.,port
by,/by/,nd.,class
bynts,/bynts/,nc.,intestine
bypdt,/bypt/,nd.,present (time)
da,/da/,nd.,society
da,/daː/,v.,emit; discharge
dalla,/ˈdala/,nd.,pottery
dallfü,/ˈdalfʏ/,v.,migrate
dalluchs,/ˈdalʊks/,nd.,knee
därch,/dɛːʁç/,nc.,pandemic
darnsdt,/daʁnst/,nd.,meal; picnic
das,/daːs/,v.,wait; pause
dässhibbä,/ˈdɛshibɛ/,nd.,oxygen
dau,/daʊ̯/,nc.,coral
daun,/daʊ̯n/,nd.,fish
dauts,/daʊ̯ts/,v.,disguise
de,/də/,interj.,okay
de,/de/,adj.,available
de,/dɛ/,v.,ride
debbinnf,/ˈdɛbɪnf/,adj.,poor
dech,/dəç/,v.,suspect; assume; presume
dechoota,/ˈdəçoːta/,adj.,suspicious
dechsurl,/ˈdɛksʊʁl/,v.,stare; glare
dee,/deː/,adv.,down
deeχunnts,/ˈdeːχʊnts/,nd.,space (empty area); room (space)
deeχunntso,/ˈdeːχʊntsɔ/,nd.,gap
dei,/daɪ̯/,adv.,also; as well
deltsai,/ˈdəltzaɪ̯/,nc.,property
denf,/dənf/,nd.,aunt
depsch,/dəpʃ/,nc.,prince
der,/deːʁ/,nd.,alcohol
der,/dɐ/,nc.,peak
dergermmboo,/ˈdɛʁgɐmboː/,nc.,item
dergng,/dɐgŋ/,v.,contribute
dessairdt,/ˈdesaɪ̯ʁt/,nc.,vinegar
deu,/dɔʏ̯/,nd.,market; mall
di,/dɪ/,nc.,dream
di,/dɪ/,v.,dream
dich,/dɪx/,nc.,cream; milk
dickäch,/ˈdikɛç/,nd.,vegetable
dickächussdt,/ˈdikɛçʊst/,nd.,grocer
die,/diː/,v.,spit
dierl,/diːʁl/,nd.,passenger
dille,/ˈdɪlɛ/,nd.,gender
dinn,/din/,nc.,grill
dirsch,/dɪʁʃ/,nd.,coil
dissi,/ˈdɪzɪ/,v.,spank; smack; slap; snap
do,/dɔ/,adv.,again
do,/doː/,nc.,head
do,/do/,nd.,demographic
do,/doː/,nd.,leader
dö,/dœ/,v.,fill
dö,/døː/,nc.,characteristic
dof,/dof/,nc.,point; position (location)
dökdt,/døːkt/,nd.,race (competition); marathon
dölls,/dœls/,nd.,grass; pasture
döng,/døːŋ/,nc.,suburb
donnf,/donf/,nc.,venom
donnsdt,/dɔnst/,nc.,audience
doochseupdt,/ˈdoːksɔʏ̯pt/,nd.,stake
doppf,/dopf/,v.,intervene
doppfä,/ˈdɔpfɛ/,nd.,rifle
doppfelpsdt,/ˈdopfəlpst/,nc.,intervention
doss,/dos/,v.,bless
dossch,/dɔʃ/,nd.,second (time)
dottl,/dotl/,nd.,judge
dra,/dʁaː/,nc.,team
dra,/dʁa/,v.,bark
drä,/dʁɛː/,nd.,empathy
dräch,/dʁɛç/,v.,shoot; fire (detonate weapon); hurl
drachsegetsdt,/ˈdʁaːksɛgətst/,prep.,above
dradt,/dʁat/,nc.,fungus; mold
drai,/dʁaɪ̯/,nc.,storm
drannts,/dʁants/,nc.,block; brick; cube
drasschpessungchs,/ˈdʁaʃpezʊŋks/,adj.,permanent
drästa,/ˈdʁɛːsta/,nd.,woman; mother
dre,/dʁɛ/,nd.,page
dre,/dʁe/,nd.,shade
drech,/dʁɛx/,nc.,abdomen
drechs,/dʁɛks/,nc.,meat; animal
dree,/dʁeː/,num.,seven
dreech,/dʁeːx/,nd.,car
dreits,/dʁaɪ̯ts/,nd.,chapter
drek,/dʁək/,nd.,spark
drekdt,/dʁəkt/,num.,two
drelldt,/dʁɛlt/,nc.,double
drellk,/dʁelk/,v.,graduate
drenn,/dʁen/,nc.,description
drennalk,/ˈdʁenaːlk/,v.,describe
drer,/dʁɐ/,nc.,brush; brush (for hair); broom
drerdt,/dʁəʁt/,v.,continue; keep (continue)
drerher,/ˈdʁɐhɐ/,adj.,lazy
drerlls,/dʁɐls/,nd.,badge
dreʧ,/dʁəʧ/,v.,sweat
dreu,/dʁɔʏ̯/,conj.,when
dri,/dʁɪ/,pron.,everybody
drich,/dʁɪç/,nc.,roof; ceiling
drie,/dʁiː/,nd.,week
driek,/dʁiːk/,nd.,controversy
drink,/dʁiŋk/,nd.,ornament
drippf,/dʁɪpf/,nc.,lottery
drirdt,/dʁiʁt/,nd.,flood; tide
drisschwi,/ˈdʁɪʃvɪ/,nc.,slope; slant
dro,/dʁɔ/,v.,see; watch; spectate; perceive; notice
dro,/dʁo/,v.,realize
drö,/dʁøː/,adj.,big; great (very large); huge; massive; enormous
drö,/dʁœ/,nc.,tribunal
droo,/dʁoː/,nc.,glue; paste
droongädöng,/ˈdʁoːŋɛːdøːŋ/,adj.,smart; intelligent; clever; wise
drös,/dʁøːs/,nd.,queen
dröshimme,/ˈdʁøːshɪmə/,nc.,present; gift; souvenir
dru,/dʁʊ/,adj.,round; blunt
dru,/dʁu/,adj.,awkward
drü,/dʁʏ/,v.,keep (store); store
drü,/dʁyː/,nc.,program
drüdt,/dʁʏt/,v.,arrest; capture
drufry,/ˈdʁʊfʁy/,nd.,geography
druh,/dʁuː/,prep.,for (the purpose of)
drull,/dʁʊl/,v.,gasp
drullsch,/dʁʊlʃ/,nc.,mission
drüllsö,/ˈdʁʏlzœ/,nc.,noon; midday
drünk,/dʁʏŋk/,adj.,wholesome
drunkdt,/dʁuŋkt/,v.,disrupt
drur,/dʁʊʁ/,v.,consolidate
dry,/dʁy/,nd.,device; equipment; gadget
dryn,/dʁyn/,nd.,dust; powder
dryts,/dʁyts/,nd.,demon
du,/dʊ/,nc.,daughter
dü,/dyː/,pron.,nothing
duchdt,/dʊçt/,nc.,chin; jaw; beard
duck,/dʊk/,adj.,selfish
duh,/duː/,nd.,area; region; territory
dull,/dʊl/,adj.,last (only remaining)
dullb,/dulp/,v.,exert
dunnf,/dunf/,v.,evaporate
dur,/dʊʁ/,nd.,clothes; clothing; garment
dussardt,/ˈdʊsaʁt/,adv.,etcetera
dy,/dy/,v.,abandon; desert; evacuate; betray
dytsdt,/dytst/,nd.,winter
e,/ə/,adj.,sick; ill; unwell
e,/ɛ/,v.,call (refer to by name)
e,/ʔɛ/,conj.,until
e,/e/,nc.,merchandise
e,/ʔe/,nd.,urine
e,/ə/,pron.,he; it
e,/ɛ/,pron.,she; it
eäch,/ˈeɛːç/,v.,drain
eächittü,/ˈeɛːˌçɪtʏ/,nd.,drain
eb,/əp/,nc.,orchestra
ebich,/ˈəbɪç/,v.,climb; escalate
echdt,/ext/,nc.,sun; light
echdt,/ʔɛxt/,nd.,drug
echdt,/əçt/,v.,choke
echdt deh,/ext deː/,nc.,dusk
echre,/ˈeːxʁə/,adj.,usual
echtlabb,/ˈeçtlap/,adj.,silent
echtlappaʧ,/ˈeçtlapaːʧ/,nc.,silence
ecktaing,/ˈektaɪ̯ŋ/,adj.,current
edt,/et/,nc.,zoo
eekdt,/eːkt/,v.,block; deter
efdt,/ʔəft/,nd.,reception (of office or hotel)
eftur,/ˈeftʊʁ/,nd.,devil
egng,/ʔegŋ/,nc.,calf
ehlytsdt,/ˈeːlytst/,v.,dangle
ehr,/eːʁ/,v.,assume; presume
ehtü,/ˈʔeːtʏ/,nd.,trader
ei,/ʔaɪ̯/,v.,mean (intend)
eibre,/ˈaɪ̯bʁə/,nc.,handcuff
eich,/aɪ̯ç/,v.,let; allow (let); enable; permit
eichte,/ˈaɪ̯çte/,v.,stroke
eifdt,/aɪ̯ft/,v.,crumple; ruffle
einittü,/ˈaɪ̯nɪtʏ/,nd.,killer
eins,/aɪ̯ns/,v.,patrol
eints,/aɪ̯nts/,nc.,company; business
eipo,/ˈaɪ̯pɔ/,nd.,saliva
eirl,/aɪ̯ʁl/,pron.,him; it
ekdt,/əkt/,nd.,circus
eklä,/ˈəklɛ/,nd.,locker
el,/əl/,v.,bake
elb,/əlp/,v.,sponsor
elge,/ˈəlgə/,v.,shout; yell
elka,/ˈeːlka/,nc.,basil
elkuh,/ˈəlkuː/,v.,affect
ellb,/ɛlp/,adj.,handsome
ellpsdt,/ɛlpst/,nd.,revolution
els,/əls/,v.,bring; fetch; carry; lift
elsch,/əlʃ/,nd.,scale (instrument for weighing)
elu,/ˈəlʊ/,v.,warn
emm,/em/,adj.,automatic
emmpä,/ˈɛmpɛː/,v.,skim
en,/ən/,nd.,glass
en,/eːn/,nd.,arsenal
endt,/ənt/,nd.,basement; cellar
enf,/ənf/,nc.,saddle
enfdt,/ənft/,v.,wear; put on
eng,/ʔeːŋ/,nc.,filter
engsdt,/ʔɛŋst/,v.,impose; demand
enk,/ʔɛŋk/,adj.,soft
enkäh,/ˈʔəŋkeː/,nd.,basin; valley; reservoir
enkdt,/ɛŋkt/,nd.,nut
enkee,/ˈəŋkeː/,nc.,staff; crew
ennfdt,/enft/,nc.,fire; flame
ennfterf,/ˈenftɐf/,nd.,match (for fire)
enns,/ɛns/,prep.,inside
ennʧerschli,/ˈɛnʧɛʁʃlɪ/,v.,manufacture
ents,/ənts/,nc.,perception
entweuku,/ˈəntvɔʏ̯kʊ/,nd.,brother
eppdt,/ʔept/,nd.,dragon
eppf,/ɛpf/,nd.,staple
eppsa,/ˈepza/,nd.,film
epsinndt,/ˈəpzint/,v.,devote; donate
er,/ɐ/,prep.,without
er,/ɐʁ/,v.,judge
erbb,/ɐp/,v.,exclaim; proclaim
erch,/ʔəʁç/,adv.,least
erch,/əʁç/,v.,extinguish; put out
erch,/ɛʁç/,adj.,intimate
erchächts,/ˈəʁçɛçts/,v.,mourn
erchtberchdt,/ˈeʁçtbɐxt/,nd.,bark (of tree)
erck,/ɐk/,nc.,potion; elixir
ercksa,/ˈɐkza/,adj.,elegant
erdt,/ɐt/,nd.,cheek
erf,/ɛʁf/,nd.,posture (bodily position)
erf,/ɐʁf/,pron.,yours (pl)
erf,/ɐʁf/,det.,your (pl)
erfdt,/ʔɐft/,adj.,specific; definite; particular
erfdt,/ɐft/,nd.,code
ergng,/ɐgŋ/,adj.,native
erk,/əʁk/,v.,drape
erl,/əʁl/,v.,announce; proclaim
erll,/ɐl/,v.,edit; revise
erlldt,/ɐlt/,nc.,civilization
erlltüchs,/ˈɐltʏks/,adj.,civilized
ermmbä,/ˈɐmbeː/,v.,sleep
ermmbäh,/ˈɐmbeː/,nc.,sleep
ernsdt,/ɐʁnst/,nd.,herd; flock
ersemmpf,/ˈəʁzempf/,v.,tie
erssu,/ˈɐsʊ/,nd.,option
erts,/əʁts/,v.,remind
erttnillsch,/ˈɐtnɪlʃ/,nc.,wizard
erttsdt,/ʔɐtst/,num.,hundred
erunn,/ˈɛʁʊn/,v.,glide; slide; slip
es,/ʔəs/,nc.,forest; jungle
es,/əs/,v.,invade
esa,/ˈeːza/,nd.,umbrella
escher,/ˈəʃəʁ/,adj.,gorgeous
esfi,/ˈəsfɪ/,nd.,string; cord
essdt,/est/,interj.,hello
essudo,/ˈəszudo/,v.,roam; drift
etl,/ətl/,nc.,ministry
ets,/ʔəts/,nd.,foam
etsdt,/ətst/,v.,dig
eʧ,/əʧ/,nc.,sickness
ettich,/ˈɛtiç/,v.,transcend
eu,/ɔʏ̯/,v.,laugh; giggle
eu,/ɔʏ̯/,nd.,laugh
euch,/ɔʏ̯ç/,v.,flash
eufdt,/ɔʏ̯ft/,v.,kick
eugi,/ˈɔʏ̯gɪ/,nc.,pyramid; cone
eun,/ɔʏ̯n/,nd.,speed
eunf,/ɔʏ̯nf/,nc.,tornado
eunnle,/ˈeʔʊnle/,v.,kidnap
eupf,/ɔʏ̯pf/,v.,eat
euschtauchts,/ˈɔʏ̯ʃtaʊ̯çts/,v.,command; dominate; supervise
euʧ,/ɔʏ̯ʧ/,nd.,pan; saucepan; pot
ewe,/ˈəvə/,adj.,confidential
eχo,/ˈəχɔ/,adj.,naked; nude; bald
fa,/faː/,det.,whose
fa,/fa/,adj.,perfect
fä,/fɛ/,nc.,issue; concern; problem
fä,/fɛː/,nd.,spring (coil)
fächdt,/fɛçt/,nd.,report
fachts,/façts/,v.,cover; muffle
fächts,/fɛːçts/,nc.,germ; bacteria
fack,/fak/,nd.,vine
fähchts,/feːçts/,nd.,tribe; kin; clan
fällb,/fɛlp/,nd.,trap; bait
fälldt,/fɛlt/,nd.,parliament
fammpf,/fampf/,nc.,catalog
fang,/faːŋ/,v.,ache
fangchs,/faːŋks/,nc.,carrot
fankdt,/faŋkt/,v.,imagine; devise
fann,/fan/,conj.,if; whether
fannzi,/ˈfanʦi/,nd.,tie
farch,/faːʁç/,nd.,bubble
fardt,/faʁt/,nc.,sling
fardt,/faːʁt/,nd.,sanctuary; haven
fässchpiochdt,/ˈfɛʃpioçt/,v.,interrogate
faʧ,/faʧ/,nc.,perfection
fau,/faʊ̯/,adj.,pink
faunschänntle,/ˈfaʊ̯nʃɛntlə/,v.,celebrate
fe,/feː/,prep.,out; outside
fe,/fe/,v.,lead; direct; conduct
fe,/fə/,v.,value
fe,/fə/,nd.,value
fe lü,/feː lʏ/,nc.,appearance (looks)
fech,/feç/,adj.,common; normal
fechdt,/fɛçt/,v.,report
fechuh,/ˈfeçuː/,v.,growl; roar; grunt
feck,/fek/,nd.,trauma
feeneu,/ˈfeːnɔʏ̯/,adj.,relevant
fefrel,/ˈfefʁəl/,nd.,inn; lodge
fei,/faɪ̯/,prep.,with (accompanied by); with (using)
fel,/fəl/,v.,retire
feldt,/fəlt/,nd.,shrub; bush
fempf,/fəmpf/,nd.,base; ground
fengsdt,/fəŋst/,adv.,later
fenngra,/ˈfengʁa/,nc.,sea
fenngra rü,/ˈfengʁa ʁʏ/,nc.,shore
fepf,/fəpf/,nc.,pig; pork
fer,/fɐ/,nd.,history
fer,/fəʁ/,v.,pray
ferch,/feʁç/,nc.,store; shop; salon; business
ferder,/ˈfɐdɐ/,nc.,tape
ferk,/fəʁk/,v.,concentrate; focus
fernnblo,/ˈfɐnblo/,v.,deserve
fernnts,/fɐnts/,v.,scrutinize
ferts,/feʁts/,nc.,cheese
ferttnie,/ˈfɐtniː/,nc.,piece; segment; bit; portion
fessch,/feʃ/,nd.,bell
fetsdt,/fətst/,v.,fade
feu,/fɔʏ̯/,nd.,year; period (duration of time)
feu klie,/fɔʏ̯ kliː/,nc.,season (quarter of the year)
feumpf,/fɔʏ̯mpf/,v.,hover; linger
fi,/fɪ/,v.,use; utilize; manipulate
fi,/fi/,nd.,anxiety
fi,/fɪ/,nc.,use
fibb,/fɪp/,v.,shine; seem
fichs,/fiks/,adj.,anxious
fick,/fik/,v.,mention
fidt,/fɪt/,nd.,shower
fidt wess,/fɪt ves/,nd.,rainbow
fie,/fiː/,nd.,myth
figng,/figŋ/,nc.,allergy
filldt,/fɪlt/,nd.,beach
fimm,/fim/,v.,play (have fun); compete
fimmittü,/ˈfimɪtʏ/,nd.,player
fimmpfidt,/ˈfimpfɪt/,num.,fifteen
fingu,/ˈfɪŋʊ/,nd.,agriculture
fippernndt,/ˈfɪpɐnt/,adj.,shiny
fiss,/fis/,nc.,gauge
fla,/fla/,nd.,wool
flä,/flɛ/,nc.,prostitute; whore
flä,/flɛː/,v.,discriminate
flä grüssch,/fleː gʁʏʃ/,nc.,necklace
fläh,/fleː/,nc.,neck; collar
flalls,/flals/,v.,arouse
fläs,/fleːs/,v.,attend; show up
flau,/flaʊ̯/,pron.,you all
fle,/flə/,v.,tremble; shiver
fle,/fle/,v.,animate
fle heng,/flɛ həŋ/,nc.,brothel
fledt,/flɛt/,nc.,apple
flellb,/flelp/,v.,relax
flenti,/ˈfləntʔi/,v.,illustrate
flernnsi,/ˈflɐnzi/,nc.,cake
fleuldi,/ˈflɔʏ̯ldɪ/,nd.,usher
fli,/flɪ/,nc.,loss
flich,/fliç/,nd.,surf
flie,/fliː/,nd.,web
flillk,/flɪlk/,v.,lose
flillsch,/flɪlʃ/,nd.,total; sum; score; amount
flittl,/flɪtl/,v.,try (strive); struggle
flo,/flo/,nc.,molecule
flo,/floː/,nd.,vest
flö,/flœ/,nd.,fabric; textile
flö,/fløː/,nd.,hose; pipe; vent
flögng,/fløːgŋ/,v.,withdraw; take out
flonk,/floŋk/,adj.,tall
flü,/flyː/,nd.,cloak
flüb,/flyːp/,nc.,west
flüchdt,/flʏxt/,v.,confirm; validate; verify
fluh,/fluː/,nd.,bathroom
flungsdt,/flʊŋst/,nd.,reason; logic
flungstais,/ˈflʊŋstaɪ̯s/,adj.,logical
flungstüchs,/ˈflʊŋstʏks/,adj.,reasonable
flunn,/flʊn/,nd.,louse
fly,/fly/,v.,check; confirm
flylk,/flylk/,v.,twist; distort
fo,/foː/,v.,seem; appear; manifest
fo,/fɔ/,nd.,impulse
fo,/fo/,v.,interrupt
fö,/fœ/,nc.,nostril
fö,/føː/,nc.,soldier
fochalls,/ˈfoçals/,v.,drift
fochdt,/fɔxt/,v.,assassinate
fochtittü,/ˈfɔxtɪtʏ/,nc.,assassin
föf,/føːf/,adj.,humble; modest; shy
fohchts,/foːçts/,nd.,station (railroad; bus)
fohelpsdt,/ˈfoːəlpst/,nd.,appearance (act of appearing)
föngsdt,/fœŋst/,nc.,oven
fonn,/fɔn/,nd.,gravel
foong,/foːŋ/,nd.,camel
for,/foʁ/,nd.,cork
fra,/fʁa/,nc.,towel
fra,/fʁaː/,nd.,knight
frä,/fʁeː/,v.,hide; lurk
frä,/fʁɛ/,nd.,pump
frä,/fʁɛː/,v.,stir
frallernn,/ˈfʁalɐn/,nd.,floor; ground; bottom (lowest part); platform
frammpf,/fʁampf/,nd.,limb
frannsa,/ˈfʁanza/,nc.,hazard; trouble
frärba,/ˈfʁɛʁba/,nd.,tool; weapon
frärk,/fʁɛʁk/,nd.,lot
frass,/fʁas/,nd.,apartment
frau,/fʁaʊ̯/,nd.,heart
fraumnelsch,/ˈfʁaʊ̯mnəlʃ/,nd.,bedroom
fre,/fʁə/,adj.,hungry
fre,/fʁe/,nd.,result; outcome
frehng,/fʁeːŋ/,adj.,mobile; portable
frei,/fʁaɪ̯/,nd.,trivia
frells,/fʁels/,v.,cooperate
freöchseidt,/ˈfʁɛøːksaɪ̯t/,nd.,verse
frer,/fʁɐ/,v.,save; rescue
frer,/fʁəʁ/,nd.,absence
frerch,/fʁəʁç/,v.,gag
frerdt,/fʁɛʁt/,nd.,birth
frerüchs,/ˈfʁəʁʏks/,adj.,absent
fretso,/ˈfʁətzo/,adj.,beautiful; pretty
fretsoʧ,/ˈfʁətzoʧ/,nd.,beauty
freʧ,/fʁəʧ/,nd.,cage; prison; jail
freʧ,/fʁəʧ/,nd.,hunger
freu,/fʁɔʏ̯/,nc.,citadel
freupf,/fʁɔʏ̯pf/,nd.,volcano
fri,/fʁi/,conj.,or; either
fri,/fʁɪ/,v.,advance; propel
fribb,/fʁɪp/,nd.,guy
frich,/fʁiç/,nd.,row
fridt,/fʁɪt/,adj.,tight; narrow; compact
frie,/fʁiː/,nd.,transport
friengä,/ˈfʁiːŋɛ/,nd.,comfort
friengächs,/ˈfʁiːŋɛks/,adj.,comfortable
frier,/fʁiːʁ/,nd.,bone
frillk,/fʁɪlk/,nc.,contract; pact
friss,/fʁis/,nd.,member
frittnu,/ˈfʁitnʊ/,nc.,mammal
frittwo,/ˈfʁɪtvo/,v.,row
fro,/fʁɔ/,nc.,swamp
fro,/fʁo/,nc.,victim; prey
frö,/fʁœ/,nd.,land; earth; ground; soil; country (rural area)
frö,/fʁøː/,v.,claim; allege; accuse
frö schezellb,/fʁœ ˈʃəʦelp/,nd.,landlord
frödt,/fʁœt/,v.,quit; surrender; give up
frogeu,/ˈfʁogɔʏ̯/,adj.,stupid; dumb; dull; silly
frohn,/fʁoːn/,nd.,address
fröro,/ˈfʁœʁɔ/,nd.,research
frörollk,/ˈfʁœʁɔlk/,v.,research
fru,/fʁʊ/,v.,do
fru,/fʁu/,adj.,extinct
frü,/fʁyː/,v.,decide; choose
frü,/fʁʏ/,adj.,physical; tangible
früchts,/fʁʏçts/,adj.,thin (narrow); narrow
frück,/fʁʏk/,v.,modify
früelpsdt,/ˈfʁyːəlpst/,nd.,decision
frufgä,/ˈfʁʊfgɛ/,v.,admit; accept
frügng,/fʁyːgŋ/,nc.,proverb
fruh,/fʁuː/,nd.,cloud; mist
fruhtau,/ˈfʁuːtaʊ̯/,v.,complete
frun,/fʁuːn/,nd.,raid
frunn,/fʁun/,nd.,ceremony; ritual
frurch,/fʁʊʁç/,nc.,laboratory
frusankdt,/ˈfʁuːsaŋkt/,v.,dine
fryng,/fʁyŋ/,nc.,blur
fu,/fu/,nd.,music; melody; tune
fu,/fʊ/,adj.,red
fü,/fʏ/,adj.,serious
fü,/fyː/,nd.,sap
fu guckdt,/fʊ gʊkt/,nd.,fox
fuh,/fuː/,adj.,different; distinct; various
fuhlo,/ˈfuːlɔ/,nc.,kitten
fuhm,/fuːm/,v.,abolish
ful,/fuːl/,nd.,cat
full,/fʊl/,nd.,tab
füllk,/fʏlk/,nd.,afternoon
fulloo,/ˈfʊloː/,adj.,corrupt
füng,/fʏŋ/,nd.,surgery
fünn,/fʏn/,nc.,slice; flake; portion
funnmei,/ˈfʊnməi/,nd.,tattoo
fur,/fuʁ/,v.,bust
für,/fyːʁ/,v.,roll; revolve; rotate
furch,/fʊʁç/,nc.,margin
furch,/fuʁç/,adj.,naive; ignorant; innocent
furdt,/fuʁt/,nd.,choir
furf,/fʊʁf/,v.,burn; light; illuminate; shine
fursch,/fuʁʃ/,nc.,visit
fuʧ,/fuːʧ/,nc.,difference
fy,/fy/,conj.,than
fynha,/ˈfynhaː/,adj.,blonde
fyr,/fyʁ/,adj.,plain
fysch,/fyʃ/,nc.,dinner
fysepdt,/ˈfysəpt/,nc.,fraud; hoax
ga,/ga/,v.,ask (inquire); ask (request)
ga,/gaː/,v.,sell
ga,/ga/,nc.,question
gä,/gɛː/,v.,help; assist; improve; heal
gä,/gɛ/,v.,expire
gä,/gɛː/,nc.,help
gäckwi,/ˈgɛkvi/,adj.,miniature
gaelpsdt,/ˈgaːəlpst/,nc.,sale
gai,/gaɪ̯/,nd.,food; cuisine
gankdt,/gaŋkt/,v.,act; behave
ganktelpsdt,/ˈgaŋktəlpst/,nd.,behavior
gannf,/ganf/,v.,focus
gäpsch,/gɛːpʃ/,num.,thirteen
garnu,/ˈgaʁnuː/,prep.,except; besides
gass,/gas/,v.,pat
gatü,/ˈgaːtʏ/,nc.,vendor
gau,/gaʊ̯/,nd.,waist
gaunk,/gaʊ̯ŋk/,nc.,rat
ge,/gə/,nc.,plan
ge,/ge/,nd.,complex
ge,/gə/,v.,plan
gedessdt,/ˈgedest/,nd.,room (of house)
gedt,/gət/,nc.,pool
gedt,/gɛt/,nc.,echo
gee,/geː/,nd.,ash
geesdt,/geːst/,nc.,toast
gefdt,/gəft/,nc.,information; data
geingsdt,/gaɪ̯ŋst/,nd.,pencil
gellb,/gɛlp/,nd.,pumpkin
gelsch,/gəlʃ/,nd.,ring
gens,/gəns/,nc.,chasm; cleavage
gensch,/gənʃ/,nc.,empire
ger,/gɐ/,pron.,one
gerf,/gəʁf/,nc.,seat; chair
gernnsch,/gɐnʃ/,nc.,century
gerso,/ˈgeʁzɔ/,nd.,rake; fork
geu,/gɔʏ̯/,nc.,fog
geuldt,/gɔʏ̯lt/,nd.,note
geuldt bitts,/gɔʏ̯lt bits/,nc.,notebook
gi,/gɪ/,nd.,right; entitlement
gi,/gi/,nc.,wave (ocean); surge
gich,/giç/,prep.,alongside; as well as
gie,/giː/,prep.,by (agent performing an action); by (author or creator)
giefnä,/ˈgiːfnɛ/,nd.,comment
gien,/giːn/,nc.,temple; shrine
gills,/gils/,adj.,fancy
ginnfdt,/gɪnft/,v.,install; set up
gla,/gla/,nd.,name
gla,/glaː/,nc.,wife
glä,/glɛ/,v.,could
glä,/glɛː/,nd.,pain
glächs,/glɛːks/,adj.,painful
glairmi,/ˈglaɪ̯ʁmɪ/,adv.,off
glallk,/glalk/,v.,name
glän,/glɛːn/,nd.,blood
glänalk,/ˈglɛːnaːlk/,v.,bleed
glanntle,/ˈglantlə/,nd.,tap (faucet); valve
glänüchs,/ˈglɛːnʏks/,adj.,bloody
glarch,/glaʁç/,nd.,millennium
gle,/glə/,v.,be (age)
gle,/gle/,nc.,side
glechdt,/gleçt/,nd.,roster
gleh,/gleː/,nc.,fact
glei,/glaɪ̯/,v.,hang out
glens,/gləns/,nd.,river; stream
glepdt,/gləpt/,nd.,stem; root
gler,/glɐ/,nd.,shelf; rack; ledge
gleun,/glɔʏ̯n/,v.,drench; flush
gli,/glɪ/,adj.,clear
gli,/gli/,v.,reserve
glie,/gliː/,adj.,neat
gliechdt,/gliːxt/,nd.,risk; threat
gliechtüchs,/ˈgliːxtʏks/,adj.,risky
glielpsdt,/ˈgliəlpst/,nd.,reservation
glills,/glils/,prep.,according to
glissch,/glɪʃ/,adv.,clearly
glo,/glɔ/,prep.,between
glö,/glœ/,adj.,straight; steep; honest
glofdt,/glɔft/,adj.,arrogant
glollka,/ˈglolka/,v.,wrap; fold
glönfdt,/gløːnft/,adj.,safe
glongnö,/ˈgloŋnøː/,nd.,mistake; error; defect
glorhoch,/ˈglɔʁhɔç/,nc.,chart
glu,/glʊ/,nd.,kid
glü,/glʏ/,nd.,candidate
gly,/gly/,nc.,chalk
glynmo,/ˈglynmo/,num.,twenty
go,/go/,v.,identify; point out; establish
go,/gɔ/,adj.,vague; ambiguous; fuzzy; obscure
gö,/gøː/,adj.,exotic
gö,/gœ/,nc.,neighbor
goch,/gɔx/,v.,protect; guard; resist; withstand; prevent; argue
gochelpsdt,/ˈgɔxəlpst/,nc.,protection
göchts,/gøːçts/,nd.,creek
gonki,/ˈgɔŋkɪ/,nc.,factor; variable
gonn,/gɔn/,v.,revise
goo,/goː/,nc.,summer
goö,/ˈgɔøː/,nc.,pea
gra,/gʁa/,v.,agree; compromise
gra,/gʁaː/,v.,pierce; penetrate
grä,/gʁɛː/,v.,guard
graelpsdt,/ˈgʁaəlpst/,nc.,agreement
grähnf,/gʁeːnf/,nd.,dove
grallfu,/ˈgʁalfu/,nc.,oval
grannf,/gʁanf/,v.,ignore; overlook
gräppf,/gʁɛpf/,nd.,flu
grär,/gʁɛʁ/,adj.,fragile
grarnigng,/ˈgʁaʁnɪgŋ/,num.,nineteen
grarnsdt,/gʁaːʁnst/,nc.,diet
grau,/gʁaʊ̯/,adv.,out
gre,/gʁɛ/,nd.,wind; breeze
gre,/gʁe/,v.,tumble
grenf,/gʁənf/,v.,exploit
grenfö,/ˈgʁənføː/,adj.,alternate
grennf,/gʁenf/,nc.,torch; candle; lamp
grer,/gʁɐ/,nd.,siege
grerch,/gʁɛʁç/,nd.,outline
grerllk,/gʁɐlk/,v.,deny; contradict; veto
grerna,/ˈgʁəʁna/,v.,solve; figure out; deduce; calculate; deem
gressch,/gʁeʃ/,nd.,hedge
gri,/gʁɪ/,v.,grow; evolve
gri,/gʁi/,nd.,tail
grielpsdt,/ˈgʁɪəlpst/,nc.,growth
grielsch,/gʁiːlʃ/,nd.,knob
gro,/gʁɔ/,nd.,cabinet; drawer
gro,/gʁo/,v.,shuffle
grö,/gʁøː/,v.,faint
groh,/gʁoː/,adj.,massive; enormous
groll,/gʁɔl/,v.,feel (examine by touch)
grörn,/gʁœʁn/,nc.,budget
grossdt,/gʁost/,nc.,hotel
grosswü,/ˈgʁosvʏ/,nd.,boulder; stone
grü,/gʁʏ/,nd.,trail
grü,/gʁyː/,adj.,mature; sophisticated
grück,/gʁʏk/,nd.,clown
grudt,/gʁut/,interj.,yes
grüdt,/gʁʏt/,nd.,secret; mystery
grullsch,/gʁulʃ/,nd.,cliff
grurl,/gʁʊʁl/,nc.,hangover
grüssch,/gʁʏʃ/,nd.,chain; bracelet; link
gry,/gʁy/,nd.,warrant
grynʧy,/ˈgʁynʧy/,v.,drive; chase; ride
grynʧytü,/ˈgʁynʧytʏ/,nd.,driver
gu,/gʊ/,adj.,new; recent
gu,/gu/,adj.,past
gü,/gyː/,adj.,stiff
guckdt,/gʊkt/,nc.,dog
guckto,/ˈgʊktɔ/,nd.,puppy
gudt,/guːt/,nd.,pasture; prairie
güdt,/gyːt/,nc.,vagina
gufdt,/guft/,v.,grab; clutch; grip
guh,/guː/,adv.,somewhat; fairly; pretty; quite
gulldt,/gult/,nc.,hurricane
guller,/ˈgʊlɐ/,nc.,scale (skin of reptiles)
günnsai,/ˈgʏnzaɪ̯/,v.,restrict; confine; restrain; inhibit
günnsch,/gʏnʃ/,v.,foresee; anticipate; predict
gürfailsch,/ˈgyːʁfaɪ̯lʃ/,pron.,something
guss,/gʊs/,nc.,ammunition
gussch,/gʊʃ/,adv.,recently
guʧ,/gʊʧ/,nd.,tiger
guttnemm,/ˈgutnem/,nd.,heir
gy,/gy/,adv.,very; really; quite; rather
gylk,/gylk/,v.,prowl
gynf,/gynf/,nc.,traffic
gyrk,/gyʁk/,pron.,anything
ha,/haː/,conj.,but
hä,/hɛ/,v.,dial
hach,/haːç/,nd.,giant
häch,/hɛːç/,nc.,skin
hackdt,/hakt/,nc.,host
häh,/heː/,nd.,blade; razor
hai,/haɪ̯/,v.,repeat
hai,/haɪ̯/,pron.,ours
haielpsdt,/ˈhaɪ̯əlpst/,nc.,repetition
haina,/ˈhaɪ̯naː/,v.,date; go out
häk,/hɛːk/,v.,recommend; advise; suggest
halls,/hals/,v.,peek; squint
hälo,/ˈhɛːlo/,nc.,pedestrian
hanker,/ˈhaŋkɐ/,nd.,bird; penis (slang)
hanndt,/hant/,adv.,when
hänntlill,/ˈhɛntlɪl/,nc.,mule
häns,/hɛːns/,nd.,prison; jail
hänsittü,/ˈhɛːnsɪtʏ/,nc.,prisoner
hau,/haʊ̯/,prep.,down
he,/he/,v.,meet; find; encounter
he,/hə/,nd.,war; battle
he daun,/hə daʊ̯n/,nc.,shark
hechittl,/ˈhɛxɪtl/,adj.,mean; rude; nasty
heel,/heːl/,v.,embed
hei,/haɪ̯/,det.,our
heiepsch,/ˈheiːpʃ/,nd.,meeting
hekdt,/həkt/,v.,pant
hellb,/hɛlp/,nd.,button (fastener for clothing)
heng,/həŋ/,nd.,house
hengippf,/ˈhəŋɪpf/,nc.,mansion
herck,/hɐk/,num.,four
hern,/həʁn/,v.,plow
hersch,/həʁʃ/,v.,have; include
hes,/həs/,v.,spend
hetü,/ˈhətʏ/,nc.,warrior
heu,/hɔʏ̯/,adj.,fresh
heunsdt,/hɔʏ̯nst/,nd.,specimen
hi,/hɪ/,v.,close; shut
hibbo,/ˈhɪbɔ/,nd.,hobby
hien,/hiːn/,v.,please; satisfy
hienelpsdt,/ˈhiːnəlpst/,nc.,pleasure
higi,/ˈhigɪ/,v.,compose
hillsch,/hɪlʃ/,nc.,skeptic
hingassch,/ˈhɪŋaʃ/,v.,justify
hirdt,/hɪʁt/,nc.,corpse
hiʧ,/hiʧ/,v.,be (temporary state); be (located)
ho,/hɔ/,adj.,small; little; narrow
ho,/hoː/,nc.,church; chapel; shrine; religion
ho,/ho/,v.,settle
hö,/hœ/,v.,grow up; sprout
hö,/høː/,adj.,serious
hoelpsdt,/ˈhoəlpst/,nd.,settlement (village)
hohchernktittü,/ˈhoːxɐŋkˌtɪtʏ/,nc.,ruler
holls,/hɔls/,nc.,pick
hönnf,/hœnf/,nc.,attic
hooais,/ˈhoːaɪ̯s/,adj.,religious
hoochernkdt,/ˈhoːxɐŋkt/,v.,rule; reign
hörk,/hœʁk/,v.,apply
hörn,/hœʁn/,nc.,joke
hössdt,/hœst/,adj.,late
hottl,/hɔtl/,nc.,quality
hottsdt,/hɔtst/,nc.,sermon
hu,/hʊ/,nc.,top; mountain; lid
hu,/hu/,adj.,yellow
hüch,/hʏç/,nd.,champion
hüchdt,/hʏçt/,nc.,twilight
hüf,/hʏf/,nc.,pet
huh,/huː/,pron.,them
hull,/hʊl/,v.,cheer
hullfannferllb,/ˈhulfanfɐlp/,nc.,curtain
hulls,/huls/,nc.,career
hulltsede gi,/ˈhultzeːde gɪ/,nc.,copyright
hulltseede,/ˈhultzeːde/,v.,copy; imitate; mimic; replicate
hünnsch,/hʏnʃ/,nd.,valley
hünnts,/hʏnts/,nd.,vehicle
hürk,/hʏʁk/,nd.,garden
hürkittü,/ˈhʏʁkɪtʏ/,nd.,gardener
hy,/hy/,nd.,clock
hyarchtbo,/ˈhyaʁçtbɔ/,nd.,heaven
hybräs,/ˈhybʁɛːs/,v.,kiss
hyge,/ˈhygə/,v.,cross
i,/i/,adv.,why
i,/ʔi/,v.,stop; halt; paralyze
i,/ɪ/,nd.,tax
i,/ʔɪ/,nc.,future
ibb,/ɪp/,v.,possess
ich,/ɪç/,nc.,route
ich,/ɪx/,adj.,sweet
ick,/ʔik/,v.,blast
ickdt,/ikt/,v.,vote; elect
icktelpsdt,/ˈiktəlpst/,nd.,election
idt,/ɪt/,nd.,piano
ie,/iː/,nd.,state (province; country)
ie,/ʔiː/,prep.,beyond
ie,/iː/,pron.,hers; its
ie,/iː/,det.,her
ieby,/ˈiːby/,nd.,lava
iechs,/iːks/,nd.,dagger
ielb,/iːlp/,v.,interpret; translate
ien,/iːn/,nd.,tin
iendt,/iːnt/,v.,relate; correlate; refer
ienma,/ˈiːnma/,nd.,honey; darling
iensch,/iːnʃ/,v.,pave
ientiepsch,/ˈiːntiːpʃ/,nc.,relationship
iepf,/iːpf/,v.,bury
ier,/iːʁ/,v.,confront
iern,/iːʁn/,nd.,advice
iersch,/ʔiːʁʃ/,v.,shift
ierse,/ˈiːʁzə/,nc.,expression (look on someone's face)
if,/ɪf/,nc.,therapy; remedy
ifdt,/ɪft/,nd.,compassion; sympathy
igu,/ˈɪgʊ/,nd.,cynic
ill,/ʔil/,v.,miss (long for)
illche,/ˈɪlçe/,v.,whisper; mumble
illi,/ˈilɪ/,nc.,hay
imm,/ʔɪm/,nc.,excrement; shit
immpöllsch,/ˈimpœlʃ/,nd.,stomach; gut
inktiurts,/ˈiŋkʦjʊʁts/,v.,experience
inktiurtselpsdt,/ˈiŋkʦjʊʁtsəlpst/,nc.,experience
inn,/ʔɪn/,nd.,muscle
inndä,/ˈindɛː/,adv.,almost; barely
inndt,/int/,nd.,coincidence
inngerlls,/ˈɪngɐls/,adj.,long
inngerllsaʧ,/ˈɪngɐlsaːʧ/,nc.,length
inns,/ins/,num.,million
innsdt,/ɪnst/,nd.,leaf; foliage
innts,/ints/,nd.,whip
irga,/ˈʔɪʁga/,v.,brace
irl,/ɪʁl/,v.,cost
irlelpsdt,/ˈɪʁləlpst/,nc.,cost
irlelpstüchs,/ˈɪʁləlpstʏks/,adj.,expensive
irn,/ɪʁn/,nd.,bear
irts,/ɪʁts/,nc.,post
issche,/ˈɪʃə/,nc.,child (young human being); child (son or daughter of any age)
isschwä,/ˈʔiʃvɛː/,nd.,lettuce
itieurk,/ˈiʦjɔʏ̯ʁk/,v.,fuck (slang)
ittkechdt,/ˈɪtkəxt/,adj.,extreme; intense; radical
ittkylda,/ˈɪtkylda/,v.,sustain
ittsdt,/itst/,v.,print
ittsdt,/ɪtst/,nd.,salad
ja,/jaː/,prep.,under; below
ja,/ja/,adj.,single
jä,/jɛː/,nd.,exit
ja häns,/jaː hɛːns/,nd.,dungeon
jabbro,/ˈjabʁo/,nd.,fury
jabbrochs,/ˈjabʁoks/,adj.,furious
jachs,/jaks/,adj.,blind
jäh,/jeː/,v.,expect; anticipate; assume; presume
jähng,/jeːŋ/,nc.,confidence
jähngüchs,/ˈjeːŋʏks/,adj.,confident
jalla,/ˈjala/,v.,chuckle
jalldt,/jalt/,adv.,however
jallk,/jalk/,nc.,custom; tradition
jan,/jaːn/,adj.,even; equal; stable; equivalent
jängö,/ˈjɛŋøː/,nd.,excitement
jankdt,/jaːŋkt/,v.,vindicate
jarch,/jaʁç/,nc.,painting
jassch,/jaʃ/,nd.,lesson
je,/je/,nd.,party
je,/jə/,nd.,farm
jei,/jaɪ̯/,nc.,steam
jel,/jəl/,nd.,crust
jenerl,/ˈjənɐʁl/,nd.,dam
jengnö,/ˈjeŋnœ/,v.,infect
jengnöiepsch,/ˈjeŋnœiːpʃ/,nd.,infection
jengölk,/ˈjɛŋøːlk/,v.,excite
jenkdt,/jəŋkt/,nc.,map
jennblö,/ˈjenblœ/,nd.,barrel; cylinder
jepsi,/ˈjəpzɪ/,nd.,fantasy
jer,/jɐ/,nd.,census
jerfdt,/jɐft/,adj.,formal
jeschter,/ˈjəʃtɐ/,nc.,fang
jetü,/ˈjətʏ/,nd.,farmer
jeu,/jɔʏ̯/,nd.,energy (strength; stamina)
jeudo,/ˈjɔʏ̯dɔ/,v.,wash; rinse
ji,/ji/,nc.,wall; barrier
ji,/jɪ/,adj.,external
jich,/jɪx/,v.,replace; substitute
jidt,/jit/,v.,listen; hear
jill,/jɪl/,v.,applaud; hail; praise
jilldt,/jɪlt/,nd.,bay; cove
jillk,/jɪlk/,v.,squat; crouch; perch
jinn,/jɪn/,nd.,metal
jittelpsdt,/ˈjitəlpst/,nc.,hearing
jo,/jo/,nc.,diamond
jö,/jœ/,nd.,moon; month
jö,/jøː/,nc.,heel
jodt,/joːt/,nd.,square
johngchs,/joːŋks/,prep.,of
johrnsdt,/joːʁnst/,v.,wish
joll,/jol/,nd.,combat
jonndt,/jont/,v.,provide; cater
jork,/joʁk/,nd.,loaf
jötts,/jœts/,v.,smuggle
ju,/jʊ/,v.,must; have to
jü,/jʏ/,nd.,crest
jü,/jʏ/,pron.,mine
jü,/jʏ/,det.,my
juchs,/jʊks/,nc.,canal; channel (of water)
juh,/juː/,nd.,star; celebrity
juh ref,/juː ʁəf/,nd.,astronomy
jümbürn,/ˈjyːmbyːʁn/,v.,recognize
jümbürnelpsdt,/ˈjyːmbyːʁnəlpst/,nd.,recognition
jünkdt,/jʏŋkt/,nd.,spoon
jussdt,/jʊst/,v.,criticize
jussternndt,/ˈjʊstɐnt/,adj.,critical
jusstiepsch,/ˈjʊstiːpʃ/,nd.,critique
jy,/jy/,nc.,force
ka,/ka/,v.,debate; negotiate
ka,/kaː/,nd.,cherry
ka,/ka/,pron.,they
kä,/kɛ/,v.,hit; beat (strike); collide
kä,/kɛː/,adj.,subtle; elusive
käbb,/kɛp/,v.,insult; offend
kach,/kaːç/,nc.,street
kächdt,/kɛːxt/,nd.,rope; line
kachs,/kaks/,v.,work (have desired result)
kai,/kaɪ̯/,nc.,worm
kaikdt,/kaɪ̯kt/,nd.,elf
kainfee,/ˈkaɪ̯nfeː/,v.,decay
kais,/kaɪ̯s/,v.,fight; attack
käk,/kɛːk/,nd.,appliance; fixture
kakler,/ˈkaːklɐ/,nc.,dot; spot
känkohl,/ˈkɛŋkoːl/,nd.,yogurt
kannts,/kants/,v.,mix; join
käppdt,/kɛpt/,adj.,due
käppernndt,/ˈkɛpɐnt/,adj.,offensive
kass,/kas/,nc.,basket
käss,/kɛs/,nc.,furniture
käʧ,/kɛːʧ/,nc.,subtlety
kaul,/kaʊ̯l/,v.,stack
ke,/kə/,v.,ask (invite)
ke,/ke/,nd.,referendum
keckdt,/kekt/,nd.,lease
kee,/keː/,nc.,rule (law; regulation); law
kehr,/keːʁ/,v.,strip
keinn,/ˈkəɪn/,nd.,potato
keir,/kaɪ̯ʁ/,nd.,foot
keis,/kaɪ̯s/,nc.,fight
kelldt,/kɛlt/,nc.,niece
kellfa,/ˈkɛlfa/,nd.,bat (winged mammal)
kengsdt,/kəŋst/,nd.,stump
kenn,/ken/,v.,stoke
kens,/kəns/,v.,wiggle
ker,/kɐ/,nd.,rain
kerl,/keʁl/,v.,innovate
kerssch,/kɐʃ/,v.,adopt
kersschwäppdt,/ˈkɐʃvɛpt/,nd.,anchor
kertler,/ˈkəʁtlɐ/,nd.,architecture
kesi,/ˈkəsi/,nd.,hell
kessdt,/kɛst/,nc.,series
keʧ,/kəʧ/,adj.,previous
keʧösch,/ˈkəʧøːʃ/,adv.,previously
keu,/kɔʏ̯/,nc.,fracture
ki,/ki/,v.,fall; collapse; stumble
ki,/kɪ/,nc.,desert
kie,/kiː/,nc.,drama
kiech,/kiːç/,nc.,bracket
kippdt,/kipt/,v.,defeat; beat
kiss,/kis/,num.,trillion
kisslu,/ˈkɪslʊ/,adj.,serial
kittnö,/ˈkɪtnœ/,nc.,sheep
kla,/kla/,nd.,step (one level of stairs)
kla,/klaː/,prep.,per; for each
klä,/klɛː/,adj.,wrong; false; fake
kläch,/klɛç/,v.,paralyze
klackessass,/ˈklakɛzas/,nc.,person
klackessassais,/ˈklakɛˌzasaɪ̯s/,adj.,personal
kläh hu,/kleː hʊ/,nd.,eyelid
klajü,/ˈklaːjyː/,nc.,crew; gang
klansudt,/ˈklaːnzʊt/,v.,cure
klapplü,/ˈklaplʏ/,nc.,illusion
klappsch,/klapʃ/,v.,know (a fact); comprehend
klappschiepsch,/ˈklapʃiːpʃ/,nc.,knowledge
klassch,/klaʃ/,nd.,cupboard
kle,/klɛ/,v.,achieve; accomplish
kle,/klə/,adj.,temporary
kle schwü,/kleː ʃvʏ/,nd.,eyelash
klechrüdt,/ˈkləxʁʏt/,v.,starve
kledt,/klet/,v.,attract; lure; fascinate; tempt
klee,/kleː/,nd.,eye; eyeball
klee en,/kleː ən/,nc.,glasses
klege,/ˈklegə/,v.,discourage; inhibit; deter
klen,/klən/,v.,persuade; seduce
klentappsch,/ˈkləntapʃ/,nc.,ass
klepf,/kləpf/,pron.,me
kler,/klɐ/,adj.,ironic
klern,/kləʁn/,nc.,wagon; carriage
klerʧ,/klɐʧ/,nc.,irony
kless,/klɛs/,nd.,whiskey
kleu,/klɔʏ̯/,v.,break; snap; split; tear; interrupt
kleuta,/ˈklɔʏ̯ta/,adj.,broken
kleze,/ˈkləʦe/,v.,get; obtain; take; capture; steal; seize; kidnap; rob; acquire; absorb
kli,/klɪ/,adv.,still
kli,/kli/,adj.,gay; homosexual
klie,/kliː/,nd.,time; tense
klinnteu,/ˈklɪntɔʏ̯/,nc.,olive
kliö,/ˈklɪʔœ/,nd.,summary
klirde,/ˈklɪʁdɛ/,nc.,pastry
klirf,/klɪʁf/,nc.,plateau
klo,/klɔ/,adj.,severe; intense
klo,/klo/,pron.,her; it
klö,/klœ/,adj.,crazy; insane; silly
klö,/kløː/,adj.,tense
klochdt,/klɔçt/,adj.,bankrupt; broke
klochicher,/ˈkloxɪçɐ/,v.,interfere
klommpf,/klompf/,nc.,appetite; lust
klönsch,/kløːnʃ/,adj.,infinite
klossdt,/klɔst/,v.,take apart; dismantle
klöʧ,/kløːʧ/,nc.,tension
klu,/klu/,v.,explain; discuss
klu,/klʊ/,nd.,lock
klu,/kluː/,nc.,paw; hoof
klü,/klʏ/,nc.,document
klü,/klyː/,v.,volunteer; enlist
kluelpsdt,/ˈkluəlpst/,nd.,explanation
klunn,/klʊn/,adj.,deliberate
klurn,/klʊʁn/,nc.,door
kluttü,/ˈklʊtʏ/,nd.,locksmith
kly,/kly/,nd.,coast; rib
kna,/knaː/,v.,retrieve; bring back; fetch
kna,/kna/,nd.,crab
knä,/knɛ/,det.,this
knä,/kneː/,adj.,awful; terrible
knä,/knɛ/,pron.,this
knä tai,/knɛ taɪ̯/,adv.,tonight
knachdt,/knaːçt/,det.,a; some
knai,/knaɪ̯/,adj.,loose
knallk,/knalk/,nd.,dictator
knasfä,/ˈknaːsfɛ/,nc.,body
knaʧ,/knaːʧ/,nd.,lime
kne,/knə/,nd.,pearl
knefübb,/ˈknəfʏp/,v.,sink; descend
knennʧä,/ˈknɛnʧɛ/,adj.,intricate
kner,/knɐ/,nd.,nutrition
knerch,/knɐx/,nd.,truth
knerchüchs,/ˈknɐxʏks/,adj.,true
knerckdt,/knɐkt/,nc.,rodent; mouse
knernns,/knɐns/,v.,detain; restrain
knernnsiepsch,/ˈknɐnsiːpʃ/,nc.,detention
kneu,/knɔʏ̯/,nc.,whisker
kni,/knɪ/,v.,show; demonstrate; present; introduce
knie,/kniː/,nd.,pile; heap
knilldi,/ˈknildɪ/,nd.,wood; pole; leg; mast; stick; beam
kninns,/knins/,v.,drown; drench; saturate; suffocate
kno,/knɔ/,nc.,bee
kno,/kno/,v.,extend; stretch
knö,/knœ/,v.,clear
knö,/knøː/,nc.,lizard
knobb,/knɔp/,v.,congregate; rally
knödt,/knœt/,v.,post
knoo,/knoː/,nd.,mural
knössch,/knœʃ/,v.,protest
knu,/knu/,nd.,education
knu,/knʊ/,nc.,jersey; sweater
knu,/knuː/,nd.,prestige
knü,/knʏ/,nd.,ditch
knü,/knyː/,v.,seduce; lure; tempt
knüchtle,/ˈknʏçtlə/,nc.,clinic; hospital
knunf,/knuːnf/,nd.,project
knüngne,/ˈknʏŋnə/,v.,boil
knunnscha,/ˈknunʃaː/,nc.,sugar
kny,/kny/,nc.,will
knyk,/knyk/,v.,retreat
ko,/kɔ/,v.,request; appeal
ko,/ko/,nc.,opening
kö,/køː/,nd.,costume
kö,/kœ/,nc.,militia
koch,/koːx/,nc.,romance
kochdt,/kɔçt/,v.,jam
kockwö,/ˈkɔkvøː/,v.,spread
koh,/koː/,pron.,we
kollk,/kolk/,v.,open
köngchs,/kœŋks/,nd.,price; fee; tariff
köngchso,/ˈkœŋksɔ/,adj.,cheap
koo,/koː/,adj.,special; rare; unique
körbab,/ˈkøːʁbaːp/,adj.,parallel
korts,/kɔʁts/,v.,waste
kosch,/koːʃ/,adv.,especially
kösstö,/ˈkœstœ/,adj.,abundant; lush
kosweu,/ˈkoːsvɔʏ̯/,nd.,pulse; rhythm
kra,/kʁa/,adj.,short; low
kra,/kʁaː/,nd.,tray; platter
kra,/kʁa/,pron.,yours
kra,/kʁa/,det.,your
krä,/kʁɛː/,nc.,air; gas; weather
kra by,/kʁa by/,nd.,lower class
kräck,/kʁɛk/,adv.,most
krai,/kʁaɪ̯/,nc.,gap; void
krann,/kʁan/,v.,notify; inform
krärl,/kʁɛʁl/,nd.,cabin; inn; lodge
krau,/kʁaʊ̯/,num.,first
kre,/kʁe/,prep.,from
kre,/kʁə/,pron.,someone; somebody
kre,/kʁɛ/,nc.,arch; arc
kree,/kʁeː/,adj.,solid; sturdy
krengo,/ˈkʁəŋɔ/,nc.,challenge
kreppsch,/kʁepʃ/,nd.,clash
krer,/kʁɐ/,nc.,skirt
krerföch,/ˈkʁɛʁføːç/,nd.,patient
kresschpickdt,/ˈkʁɛʃpɪkt/,nc.,back (of body); back (reverse side)
kresschpickdt frier,/ˈkʁɛʃpɪkt fʁiːʁ/,nc.,spine
kreu,/kʁɔʏ̯/,v.,build; construct; erect; produce (manufacture)
kreuiepsch,/ˈkʁɔʏ̯iːpʃ/,nd.,product (item made)
kreuiepsch,/ˈkʁɔʏ̯iːpʃ/,nd.,building
kreurdt,/kʁɔʏ̯ʁt/,nc.,fat (component in food)
kri,/kʁɪ/,nc.,pond
krichs,/kʁɪks/,v.,found; establish
krick,/kʁik/,nc.,beard; mane
krigo,/ˈkʁɪgo/,nc.,field; farm
krinnhü,/ˈkʁɪnhʏ/,v.,wrestle
krippsch,/kʁipʃ/,nd.,vanilla
kro,/kʁɔ/,v.,create; invent
kro,/kʁo/,nd.,genetics
krö,/kʁøː/,nd.,hour; time
krö,/kʁœ/,adj.,cruel
kroo,/kʁoː/,v.,write; draw
krootü,/ˈkʁoːtʏ/,nc.,author; writer
kru,/kʁʊ/,nd.,condition (requirement; stipulation)
kru,/kʁu/,v.,bang
krü,/kʁʏ/,adj.,classic
krü,/kʁyː/,adj.,imminent; pending
kruh,/kʁuː/,nd.,paradox
krünn,/kʁʏn/,adv.,nevertheless; regardless; even though
kryrtä,/ˈkʁyʁteː/,nc.,island
ku,/kuː/,det.,more
ku,/ku/,v.,move
ku,/kʊ/,nd.,cotton
kü,/kyː/,nd.,gold
küch,/kyːç/,v.,sort
küchs,/kyːks/,adj.,golden
kuelpsdt,/ˈkuəlpst/,nc.,movement; motion
kuhwer,/ˈkuːvɐ/,v.,chew
kul,/kuːl/,nd.,hierarchy
kungy,/ˈkuŋy/,nd.,accident
kunkdt,/kʊŋkt/,nc.,soil; dust; clay; brick
kunnf,/kunf/,v.,delay; postpone; stall
kürdinn,/ˈkʏʁdin/,v.,trip; fall; stumble
kurl,/kʊʁl/,nd.,bug; insect; beetle
kürts,/kyːʁts/,v.,choose; select
kürtselpsdt,/ˈkyːʁtsəlpst/,nd.,choice
küssdt,/kʏst/,nd.,pasta
kusstach,/ˈkʊstaç/,nc.,greed
kusstachüchs,/ˈkʊstaçʏks/,adj.,greedy
kwa,/kva/,adv.,up
kwa,/kvaː/,v.,wander
kwa,/kva/,prep.,up
kwä,/kvɛː/,v.,turn; rotate; wind; weave
kwamm,/kvam/,nd.,premise
kwanndt,/kvant/,nd.,colony; flock
kwassdt,/kvast/,adj.,similar
kwau,/kvaʊ̯/,adj.,wild
kwe,/kvə/,nc.,milk
kwe,/kvɛ/,nd.,tone; pitch
kwedt,/kvɛt/,nd.,enemy; villain; rival; rebel; guerrilla
kwee,/kveː/,v.,lick
kweeltsa,/ˈkveːltza/,nc.,cartoon
kwei,/kvaɪ̯/,nc.,king; emperor
kwelfa,/ˈkvəlfa/,nd.,tailor
kwepf,/kvəpf/,adj.,main
kwerllk,/kvɐlk/,nc.,seed; semen
kwernn,/kvɐn/,nd.,spinach
kweu,/kvɔʏ̯/,nc.,miracle
kwi,/kvɪ/,nc.,reward; award; prize; medal; trophy
kwi,/kvi/,nc.,accessory; fixture
kwich,/kvɪx/,nd.,word; phrase
kwichairsch,/ˈkvɪxaɪ̯ʁʃ/,nd.,dictionary
kwillk,/kvɪlk/,nd.,analogy
kwinn,/kvɪn/,nc.,wallet
kwinnsch,/kvɪnʃ/,v.,embarrass; humiliate
kwirk,/kvɪʁk/,nc.,screw
kwo,/kvɔ/,nd.,spear; lance; pike
kwo,/kvo/,nd.,ethic; integrity
kwö,/kvøː/,nc.,steel; iron
kwö,/kvœ/,nd.,pride
kwöchs,/kvœks/,adj.,proud
kwömmo,/ˈkvœmo/,nd.,canopy
kwordt,/kvɔʁt/,v.,sway; convince; rock (move back and forth)
kwosse,/ˈkvozə/,v.,compel
kwu,/kvuː/,nd.,boy; son
kwu,/kvʊ/,nd.,idiot; fool
kwu,/kvu/,nd.,atom
kwü,/kvyː/,nd.,sound
kwuch,/kvʊç/,v.,multiply; reproduce; expand
kwull,/kvul/,nd.,east
kwümmulla,/ˈkvʏmʊla/,nc.,road; street; artery
kwün,/kvyːn/,nc.,wrist
kwurf,/kvuʁf/,nd.,plague
kwyr,/kvyʁ/,nd.,match (game); contest
kwyrme,/ˈkvyʁmə/,v.,drag; pull
ky,/ky/,v.,may
la,/la/,adj.,social
lä,/lɛː/,nd.,porch; veranda; terrace
läch,/lɛç/,v.,spin
lächs,/leːks/,v.,look out; watch out
lafdt,/laft/,v.,feign
läfdt,/lɛːft/,nc.,chemical
läfdt,/lɛft/,nd.,text
läh,/leː/,nc.,interview
lai,/laɪ̯/,nd.,phrase
läldt,/lɛːlt/,v.,doubt
lall,/lal/,nd.,ham
lanns,/lans/,nd.,peasant
läo,/ˈlɛːɔ/,v.,share; divide; split; segregate
läoelpsdt,/ˈlɛːɔəlpst/,nc.,division
latl,/laːtl/,nd.,herb
lättü,/ˈlɛtʏ/,adj.,aesthetic
lau,/laʊ̯/,nc.,elbow
laudt,/laʊ̯t/,nd.,eel
le,/lə/,nc.,hospital; ward
le,/lɛ/,nc.,riot
le,/le/,nd.,wealth
le,/lə/,pron.,you
lechs,/leks/,adj.,rich
leedt,/leːt/,nd.,awe
lefdt,/ləft/,v.,expose; uncover
lehne,/ˈleːnə/,nd.,witness
lelldt,/lelt/,v.,exclude
lendt,/lənt/,v.,collaborate
ler,/lɐ/,adv.,not
ler,/lɐ/,pron.,us
lerch,/lɐx/,v.,stick
lerch,/lɛʁç/,nd.,bastard
lerchernndt,/ˈlɐxɐnt/,adj.,sticky
leri,/ˈlɐɪ/,v.,buy; purchase; shop
lerk,/ləʁk/,nc.,medium
lermmuhn,/ˈlɐmuːn/,nc.,backpack
lernnfdt,/lɐnft/,v.,sip
leu,/lɔʏ̯/,nd.,hook
leuch,/lɔʏ̯ç/,nd.,veil
li,/li/,nd.,smoke
li,/lɪ/,nc.,chicken; fowl
lie,/liː/,adj.,pure; authentic; clean
lirnsdt,/liʁnst/,v.,add; combine
liχü,/ˈlɪχʏ/,v.,perform
liχüelpsdt,/ˈlɪχʏəlpst/,nc.,action (movement)
lo,/lɔ/,nd.,fan
lo,/lo/,v.,clap
loch,/loç/,v.,leave (depart); depart
lodt,/lɔt/,nd.,lamb; virgin; victim
lodt,/lot/,nd.,constitution
loh,/loː/,adj.,scared; afraid; reluctant; nervous
lonnts,/lɔnts/,nc.,premiere
loss,/lɔs/,nd.,fairy
lu,/lu/,nd.,menu
lu,/lʊ/,nd.,palace
lü,/lʏ/,v.,look; peer
lü,/lyː/,nc.,mouth; beak; edge; border; boundary; perimeter; gate
lüdt,/lʏt/,v.,drip
lüeis,/ˈlyːaɪ̯s/,adj.,oral
luh,/luː/,nd.,goat
lükdt,/lyːkt/,nd.,buttocks
lüngsdt,/lyːŋst/,nd.,sorrow
lunn,/lʊn/,adj.,early
lüssdt,/lʏst/,v.,certify
lüsstiepsch,/ˈlʏstiːpʃ/,nd.,certificate
ly,/ly/,adj.,last (final); last (previous)
lyfher,/ˈlyfhɐ/,nd.,lake; pond
ma,/maː/,v.,stand; stay
ma,/ma/,adj.,strong; tough; sturdy; robust; severe
ma ny,/ma ny/,nd.,liquor
mäh,/meː/,v.,arrive; happen; occur
mähelpsdt,/ˈmeːəlpst/,nc.,arrival
mai,/maɪ̯/,nd.,excuse
mailk,/maɪ̯lk/,v.,excuse
mänga,/ˈmɛŋaː/,adj.,stable; steady; consistent; compatible
märf,/mɛʁf/,nc.,acronym
mässtu,/ˈmɛstʊ/,nd.,log
maʧ,/maʧ/,nd.,strength
matterte,/ˈmatɛʁtə/,nc.,man; father; husband
mattsdt,/matst/,nc.,nickname
mau,/maʊ̯/,adj.,flat
me,/me/,v.,pull; tug; tow
me,/mɛ/,v.,discuss; consult
mechdt,/mɛçt/,v.,enhance
mechli,/ˈmeçlɪ/,v.,cast; hurl
medt,/met/,nd.,location; position (location)
meelpsdt,/ˈmɛəlpst/,nd.,discussion
meldö,/ˈməldœ/,v.,encourage
melsch,/məlʃ/,adj.,sour; bitter
memm,/mem/,det.,every; each
meppferbe,/ˈmɛpfəʁbə/,v.,set
meppluh,/ˈmɛpluː/,adj.,excellent; fantastic
mer,/mɛʁ/,v.,draw; mark
merch,/mɐç/,nd.,life (lifetime); life (soul)
merchdt,/mɐçt/,nc.,credit (recognition)
merhie,/ˈmɐhiː/,nc.,dish; plate; bowl; tray; platter
meriepsch,/ˈmɛʁiːpʃ/,nd.,drawing
merk,/məʁk/,v.,own
merkittü,/ˈməʁkɪtʏ/,nc.,owner
merlls,/mɐls/,nd.,emotion; affection
metni,/ˈmətnɪ/,nd.,metro
meu,/mɔʏ̯/,adj.,custom
meungsdt,/mɔʏ̯ŋst/,v.,stamp
meurdt,/mɔʏ̯ʁt/,v.,manipulate
mi,/mɪ/,v.,hold; grip
mi,/mi/,adv.,often
michö,/ˈmɪçœ/,v.,hike
michs,/mɪks/,nd.,wage; salary
mie,/miː/,nc.,breast
miech,/miːç/,v.,halt; stall
miek,/miːk/,v.,heal
mielb,/miːlp/,v.,wreck; ruin; devastate
miens,/miːns/,adj.,buxom
mihunnmu,/ˈmihʊnmu/,v.,contaminate
minngraʧ,/ˈmɪngʁaʧ/,nc.,police
mittügng,/ˈmɪtʏgŋ/,v.,prick
mo,/mo/,adj.,close; dense
mo,/moː/,nc.,flame
mo,/mɔ/,nc.,penis
mö,/møː/,nd.,electricity
mo schwi,/mo ʃvɪ/,v.,approach
mochdt,/moxt/,nd.,ambassador
mockdt,/mokt/,v.,brag
möf,/møːf/,nd.,meadow
monnfdt,/mɔnft/,nd.,lump; bump; knot
monnsch,/monʃ/,nd.,dome
mönntübb,/ˈmœntʏp/,v.,embrace
moon,/moːn/,nd.,hut; shack
moondt,/moːnt/,nd.,update
mör,/mœʁ/,adj.,wet; damp; moist
möraʧ,/ˈmœʁaːʧ/,nd.,moisture
morts,/mɔʁts/,conj.,since
mösso,/ˈmœso/,adj.,calm; gentle; sober
mu,/mʊ/,v.,sit
mu,/mu/,v.,remove; take out; deprive; take away; expel; evacuate; fire (from job)
mü,/myː/,v.,turn on
muh,/muː/,nd.,level (degree; stage)
muhchdt,/muːxt/,nc.,orphan
mül,/myːl/,v.,persist
mullde,/ˈmulde/,v.,lift; raise; elevate; boost; promote; advocate
mulldeiepsch,/ˈmuldeiːpʃ/,nc.,elevation
mullünn,/ˈmʊlʏn/,v.,skid
munk,/mʊŋk/,nc.,stay
munn,/mʊn/,adj.,appropriate
mürn,/mʏʁn/,v.,work (be employed); work (toil)
mürn,/mʏʁn/,nd.,work
mürnittü,/ˈmʏʁnɪtʏ/,nd.,worker; employee
muruppsu,/ˈmʊʁupzʊ/,nc.,clerk; accountant
müʧ,/mʏʧ/,nc.,gum
mutts,/mʊts/,nd.,leg
my,/my/,v.,smirk
mygo,/ˈmygo/,nc.,bruise
myoo,/ˈmyoː/,nd.,banner
na,/na/,v.,argue
na,/naː/,adj.,delicious
nä,/nɛː/,nd.,couple
nä,/nɛ/,adj.,flirtatious
näch,/nɛx/,v.,spoil
nacktie,/ˈnaktiː/,v.,push; press; propel; squeeze
naelpsdt,/ˈnaəlpst/,nd.,argument
nar,/naʁ/,nd.,literature
närdt,/nɛːʁt/,nc.,school; academy
närtais,/ˈnɛːʁtaɪ̯s/,adj.,academic
näss,/nɛs/,nd.,civilian
natsdt,/naːtst/,v.,harm; abuse
nattadt,/ˈnatat/,det.,which
nattadt,/ˈnatat/,pron.,which
nau,/naʊ̯/,nd.,coffin
naurf,/naʊ̯ʁf/,nd.,concrete
ne,/ne/,v.,burst
ne,/nə/,v.,smell (sense with nose)
neb,/nəp/,nd.,thigh
nefdt,/nəft/,nd.,paradise
negno,/ˈnɛgnɔ/,adj.,instant
nei,/naɪ̯/,nd.,adult
nein,/naɪ̯n/,nd.,wedge
nembreupdt,/ˈnəmbʁɔʏ̯pt/,adj.,manual
neng,/nəŋ/,v.,discover
nengelpsdt,/ˈnəŋəlpst/,nd.,discovery
nenkdt,/nəŋkt/,nd.,cord
neonnsch,/ˈnəɔnʃ/,nc.,bag; suitcase
ner,/nɐ/,v.,crack
nerch,/nɐç/,adv.,less
nerge,/ˈnɐʁgə/,prep.,upon
neʧ,/nəʧ/,nc.,scrap
neu,/nɔʏ̯/,adv.,nowhere
ni,/nɪ/,v.,want; desire
ni,/ni/,det.,few
nichtach,/ˈnɪçtax/,v.,resent
nidt,/nɪt/,nd.,almond
niensch,/niːnʃ/,v.,catch; arrest
ninnfuss,/ˈninfʊs/,nc.,bank (river)
no,/noː/,nd.,cow; buffalo
no,/no/,nc.,faith
no,/nɔ/,nd.,shelter; shack
nö,/nøː/,num.,three
nö,/nœ/,adv.,that
noch,/nɔç/,adj.,backward
nocho,/ˈnɔço/,nc.,trigger
nohldee,/ˈnoːldeː/,v.,dub
nöllsche,/ˈnœlʃɛ/,v.,inhale
nonn,/nɔn/,nc.,profit
nonnts,/nɔnts/,v.,bother
noong,/noːŋ/,v.,curse
nörsch,/nœʁʃ/,nd.,mass
nu,/nʊ/,nc.,art
nu,/nu/,v.,show off
nü,/nyː/,nc.,idea; concept
nuch,/nʊç/,nc.,trade
nuckdt,/nʊkt/,nd.,laundry
nuh,/nuː/,det.,several
numm,/nʊm/,nc.,manner
nuo,/ˈnʊo/,nc.,caterpillar
nupafi,/ˈnuːpafi/,nd.,manual
nurchunnf,/ˈnʊʁçʊnf/,nd.,graph; diagram
nürf,/nʏʁf/,nc.,receipt
nurts,/nuʁts/,nc.,committee; tribunal
nuttü,/ˈnʊtʏ/,nd.,artist
ny,/ny/,nc.,drink; beverage
nydt,/nyt/,adj.,quiet; shy; reluctant
nyns,/nyns/,v.,steer
nyrdt,/nyʁt/,nd.,array
o,/ɔ/,prep.,about; concerning; regarding
o,/ʔɔ/,nd.,desk
o,/o/,adj.,popular
o,/ʔɔ/,pron.,you
ö,/øː/,v.,keep (not return)
ö,/ʔœ/,v.,understand; comprehend; fathom; grasp; clutch; grip
ö,/œ/,v.,walk
ochdt,/ɔxt/,v.,masturbate
öchtle,/ˈœçtlə/,nd.,revenge
ochtü,/ˈɔçtyː/,nc.,continent
ock,/ɔk/,nc.,nursery
ockla,/ˈʔɔkla/,nc.,message
of,/ʔof/,v.,hang; drape
öfdt,/œft/,nd.,scissors
oh,/ʔoː/,adj.,whole; entire
ohgni,/ˈoːgnɪ/,nc.,hybrid
ohrk,/oːʁk/,nc.,cane
ohs,/oːs/,adj.,pregnant
ohschternnge,/ˈoːʃtɐngə/,v.,remark
ohzö,/ˈoːʦœ/,nd.,overdose
öli,/ˈøːlɪ/,v.,reject; refuse; vomit; veto
oll,/ʔol/,adj.,reverse
öll,/œl/,adj.,elite
olldt,/ɔlt/,v.,crunch
ollelpsdt,/ˈʔoləlpst/,nd.,reversal
ollk,/ʔɔlk/,adj.,other; new
ollsch,/olʃ/,v.,smash; shatter; destroy
öllsch,/œlʃ/,nd.,rice; grain; cereal
öls,/øːls/,adj.,angry; mad
ölsaʧ,/ˈøːlsaːʧ/,nc.,anger
öm,/øːm/,nd.,prototype
omly,/ˈoːmly/,v.,tangle
ommner,/ˈɔmnɐ/,adv.,aboard
ommpf,/ɔmpf/,nd.,pattern; style; fashion; constellation; stereotype
ommpfüchs,/ˈɔmpfʏks/,adj.,fashionable
ön,/øːn/,v.,compile
ong,/oːŋ/,nd.,rubber
ongau,/ˈɔŋaʊ̯/,v.,bump
ongrü,/ˈoːngʁyː/,adj.,sore
ongserlldt,/ˈɔŋzɐlt/,nd.,emphasis
ongserlltalk,/ˈɔŋzɐltaːlk/,v.,emphasize
önk,/œŋk/,nc.,scar
onn,/ɔn/,nd.,bully
onne,/ˈone/,nc.,suit
onnge,/ˈɔngə/,nd.,flavor
onnschollb,/ˈɔnʃolp/,nd.,nurse
önnsdt,/œnst/,v.,cull
ons,/oːns/,v.,marry
öntö,/ˈøːntøː/,v.,consider; ponder; meditate
ooä,/ˈoːɛ/,nc.,window; view; vision
ooch,/oːx/,v.,flow; leak
ooge,/ˈoːge/,v.,wink
ool,/oːl/,nd.,spike; thorn
oondt,/oːnt/,nc.,sweetheart
oppdt,/ɔpt/,v.,meditate
öppf,/œpf/,adj.,evil
ör,/øːʁ/,v.,reproduce
ör,/œʁ/,nc.,hip
orbi,/ˈʔoʁbi/,nd.,squirrel
orch,/oːʁç/,nd.,lion
örcher,/ˈœʁçɐ/,nc.,glacier
ordt,/oʁt/,adv.,just; hardly; merely
orl,/ɔʁl/,nd.,mat; rug
örsch,/œʁʃ/,nd.,strap
ös,/øːs/,nd.,criteria
öschaf,/ˈøːsçaf/,nd.,dwarf
ossch,/ɔʃ/,nd.,wine
osschussdt,/ˈɔʃʊst/,nd.,winery
össlo,/ˈœslo/,nd.,spa (mineral spring); resort
öts,/øːts/,nd.,contact
öʧ,/øːʧ/,v.,tease
ottl,/otl/,nc.,knife; blade
ottlippf,/ˈotlɪpf/,nc.,sword
ottsdt,/ʔɔtst/,v.,hug; cuddle; squeeze
ottsdt,/otst/,nd.,span
owai,/ˈɔvaɪ̯/,nc.,list
öχä,/ˈøːχɛ/,v.,ban; prohibit; exclude; omit; veto
pailsch,/paɪ̯lʃ/,nd.,cannon
pällk,/pɛlk/,v.,weigh
päng,/pɛːŋ/,v.,leave (let remain); let
pänkdt,/pɛŋkt/,adv.,tomorrow
panndt,/pant/,prep.,to; towards
pannte,/ˈpantʔə/,adj.,rude; crude; vulgar
panntü,/ˈpantyː/,nd.,autumn
pappdt,/papt/,v.,dance
papptittü,/ˈpaptɪtʏ/,nc.,dancer
pätts,/pɛts/,nd.,mafia; mob
pau,/paʊ̯/,nc.,north
pe,/pə/,nc.,voice
pe,/pɛ/,nc.,weight
pe,/pe/,nd.,tragedy
pech,/pɛx/,adj.,premier
pechs,/pɛks/,adj.,heavy
peesu,/ˈpeːzʊ/,v.,forgive; pardon
peh,/peː/,nd.,past
peng,/pəŋ/,v.,wake; wake up; get up
per,/pɐ/,nd.,feather; pen
percktähnts,/ˈpɐkteːnts/,nc.,tongue; language; dialect
perssdt,/pɐst/,nc.,limit
pescha,/ˈpəʃaː/,v.,invest
peta,/ˈpəta/,nc.,lever; pedal
pets,/pəts/,nd.,curve; curl; arc
peu,/pɔʏ̯/,nd.,axe
pfa,/pfa/,v.,compare; contrast
pfä,/pfɛ/,adj.,brown
pfä,/pfɛː/,nd.,thief
pfe,/pfə/,v.,make; build; construct; induce; mold
pfee,/pfeː/,nc.,rock; stone; jewel; gem
pfelsch,/pfəlʃ/,nd.,glory
pfelsch schpardt,/pfəlʃ ʃpaʁt/,nd.,crown
pfer,/pfɐ/,nd.,object
pfern,/pfəʁn/,pron.,you all
pfesdt,/pfəst/,nd.,factory
pfesinnf,/ˈpfəzɪnf/,v.,clip; snip; trim
pfettsdt,/pfetst/,v.,give; donate; transfer
pfi,/pfi/,nc.,tomb; grave
pfidt,/pfɪt/,nd.,reef
pfie,/pfiː/,v.,pay
pfiekdt,/pfiːkt/,v.,might
pfige,/ˈpfigə/,nc.,stall; kiosk
pfilldt,/pfilt/,nd.,holiday; vacation
pfinkdt,/pfɪŋkt/,v.,reconcile
pfissdt,/pfist/,nd.,graveyard
pfo,/pfɔ/,v.,lend; loan
pfö,/pfœ/,v.,freeze
pfö,/pføː/,v.,convert
pfoch,/pfoç/,nd.,spur
pfodt,/pfɔt/,nd.,friction
pfofnotsersch,/ˈpfɔfnoːtzəʁʃ/,nd.,firearm
pföiepsch,/ˈpfœiːpʃ/,nd.,frost
pfoo,/pfoː/,nd.,spider
pföppwelk,/ˈpfœpvəlk/,nc.,shooting star
pfu,/pfuː/,nc.,task; chore
pfu,/pfʊ/,nd.,bureaucracy
pfü,/pfyː/,adj.,ready; ripe
pfudt,/pfuːt/,v.,shave; trim; graze (touch)
pfysdt,/pfyst/,nd.,frog
pi,/pɪ/,nd.,sky
pichdt,/piçt/,nd.,strategy (plan); tactic
pie,/piː/,v.,fix; mend; repair; cure; amend; recover
pienktiunnf,/ˈpiːŋkʦjʊnf/,nc.,lounge; couch; sofa
pimmen,/ˈpɪmən/,nd.,drill
pingna,/ˈpɪŋna/,nd.,grandfather
pinns,/pins/,adv.,therefore; thus
pittke,/ˈpɪtkɛ/,v.,touch; feel (sense by touch)
piy,/ˈpɪy/,v.,swing; rock (move back and forth); wave (salutation)
pla,/pla/,adj.,best
pla,/plaː/,nc.,needle; pin
plä,/plɛ/,conj.,and
plä,/pleː/,nc.,craft
plä,/plɛː/,nc.,violin
plächtö,/ˈplɛçtœ/,adj.,left
plählschalk,/ˈpleːlʃaːlk/,v.,defend
plai,/plaɪ̯/,v.,lie
plai,/plaɪ̯/,nc.,lie
plaitü,/ˈplaɪ̯tʏ/,nd.,liar
pläll,/plɛl/,v.,need (require); need (lack)
pläll,/plɛl/,nc.,need
plau,/plaʊ̯/,nc.,width
plauchs,/plaʊ̯ks/,adj.,wide
ple,/plə/,nd.,egg
ple,/ple/,nc.,tusk
plech,/plɛç/,nd.,taxi; cab
plech,/plex/,v.,elaborate
pledt,/plət/,nd.,student
pleelsch,/pleːlʃ/,nd.,defense
plen,/plən/,adj.,stubborn
plenndt,/plɛnt/,nd.,insurgent
pler,/plɐ/,nc.,soup; broth
plerme,/ˈpləʁme/,v.,depend; rely on
pli,/plɪ/,nd.,power
pli,/pli/,v.,creep; lurk
plich,/plix/,num.,sixteen
plichs,/plɪks/,adj.,powerful
plie,/pliː/,nd.,bread
plieb,/pliːp/,nd.,citizen
plitts,/plɪts/,adj.,black; dark
plitts plunk,/plɪts plʊŋk/,nd.,liver
plittsaʧ,/ˈplɪtsaːʧ/,nd.,darkness
plo,/ploː/,adv.,where
plo,/plɔ/,v.,nominate
plo,/plo/,v.,qualify
plö,/plœ/,nc.,kit
plöch,/pløːx/,v.,squeeze; clutch
plochdt,/plɔxt/,v.,squash
plocklu,/ˈplokluː/,adj.,former
plöngse,/ˈplœŋzə/,v.,cram; squeeze
plonndu,/ˈplondu/,v.,bite
ploork,/ploːʁk/,v.,supplement
plu,/pluː/,nd.,magic
plu,/plu/,v.,inspire; influence; impress; arouse
plu,/plʊ/,v.,pronounce
plullscher,/ˈplulʃɐ/,v.,tolerate; indulge
plümm,/plʏm/,v.,manage
plümmittü,/ˈplʏmɪtʏ/,nd.,manager
plunk,/plʊŋk/,nc.,lung
ply,/ply/,adv.,always; all the time
po,/po/,adj.,dim
pö,/pøː/,nd.,blanket; quilt
pö,/pœ/,nd.,granite
pögi,/ˈpœgɪ/,nd.,mystery
poll,/pol/,v.,annoy; agitate; exacerbate
pong,/pɔŋ/,nc.,foil
ponndt,/pont/,nc.,niche
poo,/poː/,nd.,bottom (lowest part); buttocks
poonts,/poːnts/,v.,chase; stalk
pötse,/ˈpøːtzə/,adj.,next
pottsdt,/potst/,v.,shove
pra,/pʁaː/,nd.,jewel; gem
prä,/pʁɛː/,v.,swim
prabb,/pʁap/,v.,increase; expand; enhance; gain; exacerbate
präh,/pʁeː/,nd.,world; earth
präh fle,/pʁeː flə/,nd.,earthquake
prau,/pʁaʊ̯/,nd.,heritage
pre,/pʁə/,v.,feel (sense by touch); feel (examine by touch)
pre,/pʁe/,nd.,mud
prech,/pʁeç/,nd.,stitch
prechdt,/pʁəçt/,nc.,novice; rookie
predt,/pʁət/,adj.,pretty
prenndt,/pʁent/,nc.,lecture
prennti,/ˈpʁenti/,adj.,ancient; antique
preo,/ˈpʁəɔ/,nd.,credit (of money)
prer,/pʁɐ/,v.,taste
prerll,/pʁɐl/,adj.,scarce
press,/pʁes/,v.,gather; assemble
pri,/pʁɪ/,num.,eight
prinndt,/pʁɪnt/,nd.,flaw; defect
pro,/pʁɔ/,nd.,schedule; roster
prö,/pʁœ/,v.,yank; tug
proh,/pʁoː/,v.,control
prolls,/pʁɔls/,nd.,spring (season)
pronndt,/pʁɔnt/,adj.,nice
proo,/pʁoː/,nd.,control
prosscho,/ˈpʁoʃo/,nc.,switch
pru,/pʁʊ/,nd.,corner
prü,/pʁʏ/,nd.,loop; curl
prüeersch,/ˈpʁyːeːʁʃ/,v.,earn
pruf,/pʁuf/,nc.,fan (enthusiast)
pruh,/pʁuː/,nd.,metropolis
pry,/pʁy/,nd.,dress; costume; uniform; gown
pu,/puː/,nc.,icon; idol
puch,/puːx/,adv.,about
püllü,/ˈpʏlyː/,nd.,theory; thesis
püng,/pʏŋ/,nd.,customer; patron
püng,/pyːŋ/,nc.,axis; axle
puss,/pʊs/,nd.,fund
py,/py/,nd.,human
ra,/ʁaː/,v.,shake; rattle; shudder; shiver
ra,/ʁa/,nd.,detail
rä,/ʁɛː/,v.,lean; tilt
rabä,/ˈʁaːbɛ/,nc.,cement
rabbru,/ˈʁabʁʊ/,adj.,ugly
rackdt,/ʁakt/,adj.,probable
racktösch,/ˈʁaktøːʃ/,adv.,probably
rädt,/ʁɛt/,nc.,bachelor
raf,/ʁaf/,nd.,title
rällk,/ʁɛlk/,v.,authorize
ralls,/ʁals/,nc.,picture
rang,/ʁaŋ/,v.,neglect; overlook
rau,/ʁaʊ̯/,v.,jerk
re,/ʁɛ/,nc.,authority
re,/ʁə/,nd.,vein
re,/ʁe/,v.,operate; behave
recky,/ˈʁɛky/,v.,breed
redt,/ʁet/,v.,pour; drain; flow
ref,/ʁəf/,nc.,science
refittü,/ˈʁəfɪtʏ/,nd.,scientist
rei,/ʁaɪ̯/,nd.,clue
reim,/ʁaɪ̯m/,nd.,midriff
rein,/ʁaɪ̯n/,nc.,fluid; liquid
reng,/ʁəŋ/,nc.,destination
renkdt,/ʁeŋkt/,nd.,dew
rer,/ʁɐ/,v.,remember
rerckzunn,/ˈʁɐkʦʊn/,nd.,crystal; prism
rerelpsdt,/ˈʁɐəlpst/,nd.,memory
rerfto,/ˈʁɐftoː/,nd.,counsel
rerngchs,/ʁɐŋks/,adv.,away
rernnsch,/ʁɐnʃ/,adj.,exempt
rerttl,/ʁɐtl/,nd.,ramp
restö,/ˈʁəstœ/,nd.,petal
reun,/ʁɔʏ̯n/,adv.,once
reurdef,/ˈʁɔʏ̯ʁdef/,nd.,figure
rezder,/ˈʁəʦdɐ/,v.,follow
ri,/ʁɪ/,v.,sneeze
ri,/ʁi/,nd.,stick; bat (club)
richs,/ʁɪks/,v.,test; analyze; inspect
richselpsdt,/ˈʁɪksəlpst/,nd.,analysis
richselpsdt,/ˈʁɪksəlpst/,nc.,exam
rie,/ʁiː/,adj.,dumb (speechless); dull
rilli,/ˈʁɪlɪ/,num.,twelve
rinn,/ʁɪn/,interj.,goodbye
rinndä,/ˈʁɪndɛː/,v.,skip
rinni,/ˈʁɪni/,nc.,grandmother
rippf,/ʁipf/,nc.,carriage; cart
rirch,/ʁiʁç/,nd.,rust
rissu,/ˈʁɪsuː/,nd.,underwear
ro,/ʁɔ/,v.,state; declare; affirm
ro,/ʁo/,adj.,green; fresh
rö,/ʁøː/,nd.,arrow (weapon)
rodt,/ʁɔt/,v.,lay
ronndt,/ʁɔnt/,nc.,ginger
roo,/ʁoː/,nc.,rail
rordt,/ʁoʁt/,nd.,wheel; disk
rorhörch,/ˈʁoʁhœʁç/,nd.,label
rörts,/ʁøːʁts/,nd.,officer
rottsdt,/ʁɔtst/,v.,amuse; charm
ru,/ʁʊ/,nc.,youth
rü,/ʁʏ/,nd.,edge; verge
rü,/ʁyː/,adj.,sensible
ruchs,/ʁʊks/,adj.,young
ruckdt,/ʁukt/,v.,regret; lament
ruhtl,/ʁuːtl/,nc.,mother
ruhtl lyfher,/ʁuːtl ˈlyfhɐ/,nc.,ocean
rüllb,/ʁʏlp/,adj.,important
rünn,/ʁʏn/,nd.,teenager; adolescent
rüsstker,/ˈʁʏstkɐ/,nd.,agony
rutl lyfher kna,/ʁuːtl ˈlyfhɐ kna/,nc.,lobster
ry,/ʁy/,nc.,chick (girl)
rykdt,/ʁykt/,v.,sail; cruise
ryktittü,/ˈʁyktɪtʏ/,nd.,sailor
sa,/za/,adj.,only
sa,/zaː/,num.,third
sa,/sa/,nd.,paint
sa,/saː/,nd.,honor
sä,/sɛ/,nd.,tea
sä,/zɛː/,nd.,frame; cage; hull
sä,/sɛː/,nd.,rod; shaft; bar; axle
sä,/zɛ/,nd.,pillow; cushion
sachdt,/saːçt/,v.,try (test out); test
sädt,/sɛːt/,v.,illuminate
sägng,/zɛgŋ/,nd.,dart
sähts,/zeːts/,nc.,trumpet
sai,/saɪ̯/,v.,practice
sai,/zaɪ̯/,nc.,belt
saif,/zaɪ̯f/,v.,vanish; disappear
saigee,/ˈsaɪ̯geː/,adj.,curious
sailb,/zaɪ̯lp/,v.,import
saja,/ˈsajaː/,nd.,look
sajuhng,/ˈzajuːŋ/,num.,second
sallk,/zalk/,nc.,size
sänn,/zɛn/,nd.,spell (of magic)
sännedt,/ˈzɛnət/,v.,pick
sanngrü,/ˈzangʁʏ/,adj.,sorry
sannsdt,/sanst/,v.,involve; entail
särdt,/zɛːʁt/,nd.,treason
säro,/ˈzɛːʁo/,v.,comply; conform
sässsi,/ˈzɛszɪ/,nc.,silver; money
saʧ,/zaʧ/,nd.,structure; system
säʧ,/zɛʧ/,nc.,apparatus
sattü,/ˈsatʏ/,nc.,painter
sau,/saʊ̯/,adj.,fast; smart; intelligent
saus,/saʊ̯s/,adj.,dry; sober
saus klie,/saʊ̯s kliː/,nc.,drought
scha,/ʃaː/,v.,stay; remain
scha,/ʃa/,nd.,cart
schä,/ʃɛː/,adj.,internal
schachdt,/ʃaːçt/,nd.,casino
schaf,/ʃaf/,nc.,current
schähltsammi,/ˈʃeːltzamɪ/,nc.,bed; mattress
schähs hottl,/ʃeːs hɔtl/,nc.,essence
schai,/ʃaɪ̯/,v.,blink
schang,/ʃaːŋ/,interj.,no
schannfdt,/ʃanft/,v.,crawl
schanns,/ʃans/,nc.,proof
schannsalk,/ˈʃansaːlk/,v.,prove
schäʧ,/ʃɛːʧ/,nd.,interior
schau,/ʃaʊ̯/,nc.,mirror
schauf,/ʃaʊ̯f/,nd.,mound
sche,/ʃə/,det.,no
sche,/ʃɛ/,nd.,system
sche,/ʃe/,nd.,disaster; catastrophe
scheel,/ʃeːl/,nd.,language
schees,/ʃeːs/,adj.,real; authentic
scheh,/ʃeː/,v.,frustrate
schel ref,/ʃeːl ʁəf/,nc.,linguistics
schelbe,/ˈʃəlbə/,nd.,mistress
schen,/ʃən/,nd.,crack
schenalk,/ˈʃənaːlk/,v.,crack
scheng,/ʃeŋ/,nc.,liberty
schengchs,/ʃəŋks/,adj.,conscious
schengsdt,/ʃəŋst/,nc.,paper
schenndt,/ʃɛnt/,nd.,gun; rifle
schennsdt,/ʃenst/,v.,erode
schepf,/ʃəpf/,nd.,professor
scher,/ʃɐ/,nd.,conquest
scher,/ʃeːʁ/,v.,sew
scherllie,/ˈʃɐliː/,v.,care
scherllie,/ˈʃɐliː/,nd.,care
scherlliendt,/ˈʃɐliːnt/,adj.,careful
scherllk,/ʃɐlk/,v.,conquer
scherts,/ʃeʁts/,nd.,lawn
scheu,/ʃɔʏ̯/,v.,respond; answer; reply
scheu,/ʃɔʏ̯/,nd.,answer
scheuelpsdt,/ˈʃɔʏ̯əlpst/,nd.,response
scheulpsdt,/ʃɔʏ̯lpst/,v.,launch; cast; hurl
schezellb,/ˈʃəʦelp/,nd.,master; lord; boss
schi,/ʃɪ/,adj.,fat; big; broad
schi,/ʃi/,nc.,record (written account)
schie,/ʃiː/,nd.,vocabulary
schillk,/ʃilk/,v.,record
schills,/ʃɪls/,nd.,lobby
schimmpe,/ˈʃɪmpə/,nd.,descendant
schink,/ʃiŋk/,nd.,turmoil; chaos
schippsch,/ʃɪpʃ/,adj.,sharp; steep
schirnen,/ˈʃɪʁnən/,v.,complain
schla,/ʃla/,nc.,harmony
schlä,/ʃlɛː/,nc.,lip
schlä per,/ʃlɛː pɐ/,nc.,lipstick
schläch,/ʃlɛç/,nc.,container
schlähtü,/ˈʃleːtʏ/,nd.,criminal
schlaicha,/ˈʃlaɪ̯xa/,nc.,terror
schlannsch,/ʃlanʃ/,v.,hire; rent; recruit
schlännsch,/ʃlɛnʃ/,v.,squint
schlappdt,/ʃlapt/,adj.,transparent
schlära,/ˈʃlɛːʁa/,adj.,foreign
schläraʧ,/ˈʃlɛːʁaʧ/,nc.,foreigner
schlau,/ʃlaʊ̯/,v.,promise
schlaundach,/ˈʃlaʊ̯ndaç/,v.,pose
schle,/ʃlɛ/,adj.,great (excellent); awesome
schle,/ʃlə/,nd.,sport
schlee,/ʃleː/,nc.,crime; felony
schlef,/ʃləf/,nc.,phone
schleisdt,/ʃlaɪ̯st/,prep.,through
schlels,/ʃləls/,nd.,massacre; genocide
schleng,/ʃləŋ/,nc.,illness
schler,/ʃlɐ/,nd.,tree; wood
schler,/ʃlɐʁ/,nc.,salt
schler sillb,/ʃlɐ zilp/,nc.,branch (tree part)
schlerk,/ʃləʁk/,v.,summon
schlerlls,/ʃlɐls/,nd.,bean
schlernni,/ˈʃlɐnɪ/,nd.,navy
schles,/ʃləs/,adj.,light (weight)
schleu,/ʃlɔʏ̯/,v.,dare
schli,/ʃlɪ/,adj.,simple
schli,/ʃli/,nd.,scope; extent
schlie,/ʃliː/,nd.,news
schlif,/ʃlɪf/,v.,crush; grind; smash
schlissch,/ʃlɪʃ/,adv.,simply
schlö,/ʃløː/,nd.,bead
schlö,/ʃlœ/,nd.,prose
schlöchs,/ʃlœks/,nd.,volume; capacity
schlöckdt,/ʃlœkt/,v.,inhabit; populate
schlöcktiepsch,/ˈʃlœktiːpʃ/,nd.,population
schlogng,/ʃlogŋ/,v.,extract; pluck
schlönnie,/ˈʃlœniː/,v.,borrow
schlowe,/ˈʃlovə/,pron.,everyone
schlu,/ʃlʊ/,nd.,comb
schlu,/ʃlu/,nd.,galaxy
schlü,/ʃlyː/,v.,worry
schlü,/ʃlʏ/,nd.,skull
schluckussch,/ˈʃlʊkuʃ/,adj.,holy; sacred
schluh,/ʃluː/,nc.,guest; patron
schlunnfdt,/ʃlʊnft/,nd.,net
schlur,/ʃlʊʁ/,v.,throw; toss; hurl; fling; cast; propel
schly,/ʃly/,v.,harass; intimidate
schma,/ʃmaː/,nc.,range; radius; extent
schma,/ʃma/,nd.,shoe
schmä,/ʃmeː/,v.,intend; mean (intend)
schmai,/ʃmaɪ̯/,nd.,archipelago
schmalldt,/ʃmalt/,nc.,friend
schmalltüchs,/ˈʃmaltʏks/,adj.,friendly
schmäng,/ʃmɛŋ/,nd.,box
schmängippf,/ˈʃmɛŋɪpf/,nd.,trunk (large box)
schme,/ʃmə/,v.,miss (not hit); miss (not take advantage of)
schme,/ʃmɛ/,adj.,jealous
schmechs,/ʃməks/,nc.,conference
schmeif,/ʃmaɪ̯f/,nd.,bunch; bundle
schmeng,/ʃməŋ/,nc.,cloth; linen; fabric; textile
schmer,/ʃmɐ/,nd.,scarf
schmerch,/ʃməʁç/,nd.,partner; spouse; ally
schmerch,/ʃmɐç/,nc.,composite
schmeu,/ʃmɔʏ̯/,v.,bow
schmi,/ʃmɪ/,v.,measure
schmie,/ʃmiː/,num.,thousand
schminn,/ʃmin/,v.,put (place); install
schmippwer,/ˈʃmɪpvɐ/,v.,serve; provide
schmippwerelpsdt,/ˈʃmɪpvɐəlpst/,nc.,service
schmirnsdt,/ʃmɪʁnst/,adj.,possible; plausible
schmirnstaʧ,/ˈʃmɪʁnstaːʧ/,nd.,possibility
schmo,/ʃmo/,v.,punish; abuse
schmö,/ʃmœ/,v.,gamble
schmö,/ʃmøː/,v.,vow; swear
schmöckdt,/ʃmœkt/,nd.,currency
schmoh,/ʃmoː/,v.,navigate
schmoiepsch,/ˈʃmoiːpʃ/,nc.,abuse
schmoll,/ʃmol/,nd.,trend
schmöngsdt,/ʃmøːŋst/,adj.,medium
schmonnstenf,/ˈʃmɔnstənf/,nd.,hammer
schmorl,/ʃmoʁl/,adj.,vicious; wild
schmu,/ʃmʊ/,nd.,kind; type; breed
schmu,/ʃmu/,adj.,patient
schmü,/ʃmʏ/,nd.,acid
schmü,/ʃmyː/,v.,foster
schmüchdt,/ʃmʏçt/,v.,vomit
schmuh,/ʃmuː/,nd.,sequence; order
schmuhlk,/ʃmuːlk/,v.,order
schmullb,/ʃmulp/,adj.,deep
schmy,/ʃmy/,adj.,loud; noisy
schmylb,/ʃmylp/,nc.,screen
schna,/ʃna/,nd.,flower
schnä,/ʃneː/,nd.,father
schnäk,/ʃnɛːk/,nc.,stream
schnässau,/ˈʃnɛsaʊ̯/,nc.,girlfriend; mistress
schnattü,/ˈʃnatʏ/,nc.,florist
schne,/ʃne/,nd.,evidence; symptom
schne,/ʃnə/,adj.,eager
schne,/ʃnɛ/,v.,flick
schnechs,/ʃneks/,adj.,evident
schnels,/ʃnəls/,nd.,half
schnels kryrtä,/ʃnəls ˈkʁyʁteː/,nd.,peninsula
schnenk,/ʃneŋk/,adj.,immune
schner,/ʃnɐ/,v.,topple
schnerchdt,/ʃnɐçt/,nd.,ferry
schnerfrö,/ˈʃnɐfʁœ/,nd.,luxury
schnerʧ,/ʃnɐʧ/,adj.,lethal; fatal
schnesch,/ʃnəʃ/,num.,seventeen
schneu,/ʃnɔʏ̯/,v.,ignite
schneuch,/ʃnɔʏ̯x/,nc.,nation
schneuchais,/ˈʃnɔʏ̯xaɪ̯s/,adj.,national
schni,/ʃni/,v.,support
schni,/ʃnɪ/,nc.,music
schnielpsdt,/ˈʃniəlpst/,nc.,support
schno,/ʃnoː/,nd.,male
schno,/ʃnɔ/,v.,balance; poise
schnö,/ʃnøː/,nc.,place; site; scene
schnö,/ʃnœ/,nd.,harbor; port
schnö,/ʃnøː/,v.,place
schnömmpf,/ʃnœmpf/,nc.,restaurant; diner
schnu,/ʃnʊ/,prep.,around
schnu,/ʃnuː/,nd.,symbol; motif
schnu,/ʃnu/,pron.,theirs
schnu,/ʃnu/,det.,their
schnü,/ʃnyː/,nc.,army; military
schnü,/ʃnʏ/,adj.,smooth; sleek
schnuch,/ʃnuːx/,adj.,accurate; exact; precise; valid
schnüchyls,/ˈʃnʏxyls/,nd.,age
schnucktu,/ˈʃnʊktu/,v.,last; survive
schnunne,/ˈʃnunə/,v.,deteriorate
schnürdt,/ʃnʏʁt/,nc.,compliment
schnuttl,/ʃnutl/,nd.,peach
schnutts,/ʃnʊts/,v.,approve; endorse
schnyrk,/ʃnyʁk/,nd.,article (text)
schnyrn,/ʃnyʁn/,nd.,dash
scho,/ʃoː/,v.,receive; collect; accept; deposit; gather; accumulate
scho,/ʃɔ/,nc.,guilt
schö,/ʃøː/,nd.,species; kind; type
schö,/ʃœ/,nd.,divorce
schochs,/ʃɔks/,adj.,guilty
schödt,/ʃøːt/,nd.,disease; virus; flu; defect
scholldt,/ʃɔlt/,v.,join; connect; combine; attribute
scholldt,/ʃɔlt/,nc.,joint
schönn,/ʃœn/,nc.,mail
schonnfdt,/ʃonft/,nd.,wolf
schooftru,/ˈʃoːftʁʊ/,nc.,alibi
schork,/ʃoːʁk/,v.,ridicule; humiliate
schöswo,/ˈʃøːsvo/,prep.,against
schpa,/ʃpaː/,adj.,easy
schpa,/ʃpa/,nc.,nest; den
schpä,/ʃpɛ/,pron.,everything
schpango,/ˈʃpaːŋɔ/,nd.,lens
schpappfe,/ˈʃpapfe/,v.,insure; assure; guarantee; secure
schpappfeiepsch,/ˈʃpapfeiːpʃ/,nc.,insurance
schpardt,/ʃpaʁt/,v.,ring
schpe,/ʃpə/,nd.,calendar
schpe,/ʃpe/,v.,scare; frighten; startle
schpee,/ʃpeː/,v.,cough
schpenkdt,/ʃpəŋkt/,nd.,moment
schper,/ʃpɐ/,nd.,column; pillar; mast
schperl,/ʃpəʁl/,adj.,arrogant
schpeusch,/ʃpɔʏ̯ʃ/,adj.,funny; absurd
schpi,/ʃpɪ/,adj.,thin (slender); slim
schpi,/ʃpi/,nd.,propaganda
schpibb,/ʃpɪp/,v.,destroy; devastate
schpie,/ʃpiː/,v.,respect; admire
schpie,/ʃpiː/,nc.,respect
schpiech,/ʃpiːx/,nd.,portion; segment
schpippdt,/ʃpipt/,v.,reflect
schpippelpsdt,/ˈʃpɪpəlpst/,nc.,destruction
schpipptelpsdt,/ˈʃpiptəlpst/,nc.,reflection
schpo,/ʃpɔ/,v.,relieve
schpö,/ʃpœ/,nc.,ball; bullet; sphere; circle
schpö,/ʃpøː/,v.,distinguish
schpöch,/ʃpœç/,nd.,shield; armor; apron
schpöchudt,/ˈʃpœçʊt/,nd.,fossil
schpoe,/ˈʃpoːə/,prep.,throughout
schpoh,/ʃpoː/,num.,eleven
schpohpsch,/ʃpoːpʃ/,v.,commute
schpolldt,/ʃpɔlt/,nc.,corn
schporl,/ʃpoʁl/,adv.,sometimes
schpozasse,/ˈʃpoʦasə/,nd.,thread; strand
schpra,/ʃpʁa/,v.,start; begin
schpra,/ʃpʁa/,nd.,start; beginning
schprächs,/ʃpʁɛks/,adj.,successful
schprae,/ˈʃpʁaə/,nd.,lace
schpraf,/ʃpʁaf/,v.,polish; shine; refine
schpraifdt,/ʃpʁaɪ̯ft/,nd.,leisure; recreation
schpräzi,/ˈʃpʁɛːʦi/,adj.,basic
schpre,/ʃpʁe/,v.,offer; bid
schpre,/ʃpʁə/,v.,hate
schpre,/ʃpʁɛ/,nc.,success; benefit; profit
schpre,/ʃpʁə/,nd.,hate
schprechrödt,/ˈʃpʁexʁœt/,adj.,full
schprer,/ʃpʁɐ/,v.,testify
schprer,/ʃpʁɐʁ/,nc.,eclipse
schprernntwe,/ˈʃpʁɐntvə/,adj.,exact; precise; definite
schprernntwesch,/ˈʃpʁɐntvəʃ/,adv.,exactly
schpreu,/ʃpʁɔʏ̯/,nc.,shoulder
schpri,/ʃpʁi/,v.,accuse
schpri,/ʃpʁɪ/,v.,detect
schprichts,/ʃpʁɪçts/,nd.,vampire
schprie,/ʃpʁiː/,adj.,fertile
schprieʧ,/ʃpʁiːʧ/,nc.,fertility
schpro,/ʃpʁɔ/,nc.,snack
schpro,/ʃpʁo/,nd.,formula
schproh,/ʃpʁoː/,nc.,witch
schpromm,/ʃpʁɔm/,nd.,nephew
schpronn,/ʃpʁon/,v.,assault
schpru,/ʃpʁʊ/,adj.,nervous; anxious
schprü,/ʃpʁʏ/,nc.,expert; specialist
schprü,/ʃpʁyː/,nd.,drum
schpruh,/ʃpʁuː/,v.,beg
schprünn,/ʃpʁʏn/,nd.,elk
schprusswo,/ˈʃpʁʊsvo/,nc.,security
schpu,/ʃpu/,nd.,stool (seat)
schpu,/ʃpʊ/,nd.,parlor; salon
schpü,/ʃpʏ/,nd.,adventure
schpü,/ʃpyː/,nd.,tribute
schpuhdt,/ʃpuːt/,v.,suggest; hint; imply; indicate
schpuhls,/ʃpuːls/,v.,sing
schpuhlselpsdt,/ˈʃpuːlsəlpst/,nc.,song
schpuhlselpstittü,/ˈʃpuːlsəlpsˌtɪtʏ/,nc.,singer
schpuhtelpsdt,/ˈʃpuːtəlpst/,nc.,suggestion
schpuleer,/ˈʃpuːlɛɐ/,adj.,rigorous
schpunndt,/ʃpunt/,v.,swallow; absorb
schpuppdt,/ʃpupt/,nd.,bitch
schputelpsdt,/ˈʃpuːtəlpst/,nc.,hint
schra,/ʃʁaː/,v.,hunt; stalk
schra,/ʃʁa/,nd.,prophet
schrä,/ʃʁɛ/,nd.,well; reservoir; fountain
schrä,/ʃʁɛː/,v.,panic
schrächdö,/ˈʃʁɛːxdøː/,v.,call (cry out); call (request the attendance of)
schrang,/ʃʁaŋ/,nc.,chord
schrätts,/ʃʁɛts/,nd.,gallery (art)
schratü,/ˈʃʁaːtʏ/,nc.,hunter
schre,/ʃʁə/,adv.,today; now
schre,/ʃʁe/,nc.,effort
schre,/ʃʁeː/,nc.,kidney
schrehpf,/ʃʁeːpf/,adj.,spontaneous
schreich,/ˈʃʁəɪç/,nc.,temperature
schrel,/ʃʁəl/,nc.,cigarette
schren,/ʃʁən/,adj.,practical; pragmatic; sensible
schrenf,/ʃʁənf/,nd.,law
schrenfais,/ˈʃʁənfaɪ̯s/,adj.,legal
schrenfittü,/ˈʃʁənfɪtʏ/,nd.,lawyer
schrenndt,/ʃʁɛnt/,v.,direct; conduct
schrepwa,/ˈʃʁəpva/,nd.,bureaucrat
schrer,/ʃʁɐ/,v.,march
schrerk,/ʃʁɐʁk/,nd.,key
schrernn,/ʃʁɐn/,v.,groan
schrerssch,/ʃʁɐʃ/,nd.,compound
schri,/ʃʁɪ/,v.,guess; speculate; estimate
schri,/ʃʁi/,nd.,strawberry
schri,/ʃʁɪ/,nd.,guess
schrillb,/ʃʁɪlp/,v.,float
schrillb knilldi,/ʃʁɪlp ˈknildɪ/,nd.,raft
schro,/ʃʁo/,adv.,together
schro,/ʃʁɔ/,nd.,juice; syrup
schrö,/ʃʁøː/,nd.,stand
schronfdt,/ʃʁoːnft/,v.,include
schru,/ʃʁu/,prep.,along
schru,/ʃʁʊ/,nc.,magazine
schrü,/ʃʁʏ/,v.,deal
schruh,/ʃʁuː/,det.,both
schrüttü,/ˈʃʁʏtʏ/,nc.,dealer
schry,/ʃʁy/,adj.,ambiguous; obscure
schrydt,/ʃʁyt/,interj.,welcome
schrypdt,/ʃʁypt/,adj.,gradual
schta,/ʃtaː/,nc.,story; fable; plot; fiction; novel
schta,/ʃta/,nd.,fur; mane
schtä,/ʃtɛː/,nc.,amount; quantity
schtafdt,/ʃtaːft/,nd.,belly
schtai,/ʃtaɪ̯/,nd.,mind (thinking faculty)
schtai refittü,/ʃtaɪ̯ ˈʁəfɪtʏ/,nc.,psychologist
schtaildt,/ʃtaɪ̯lt/,nd.,charcoal
schtaimpf,/ʃtaɪ̯mpf/,nd.,shape; shadow; constellation
schtäls,/ʃteːls/,prep.,during
schtäpsu,/ˈʃtɛːpzu/,v.,enrich
schtärdt,/ʃtɛʁt/,v.,clarify
schtau,/ʃtaʊ̯/,num.,nine
schte,/ʃtə/,nd.,hand; palm (of hand)
schte,/ʃte/,v.,cause; induce
schte,/ʃte/,nd.,cause
schtech,/ʃtəç/,nc.,diameter
schtechs,/ʃtɛks/,nc.,south
schtei ref,/ʃtaɪ̯ ʁəf/,nd.,psychology
schtel,/ʃtəl/,v.,invite
schteldt,/ʃtəlt/,nd.,embassy
schtembe,/ˈʃtəmbə/,v.,pinch
schtenfö,/ˈʃtənføː/,nd.,camp
schtensch,/ʃtənʃ/,nd.,bath
schter,/ʃtɐ/,v.,cook (prepare food)
schter,/ʃtɐʁ/,v.,adapt
schtern,/ʃtəʁn/,adv.,as
schternsdt,/ʃtɛʁnst/,nc.,border; boundary
schti,/ʃti/,nc.,light
schti,/ʃtɪ/,v.,glow; radiate; blush
schtichdt,/ʃtɪçt/,nc.,purpose; ambition; reason
schtie,/ʃtiː/,prep.,for (in favor of)
schtill,/ʃtɪl/,v.,charge
schtills,/ʃtɪls/,v.,knock
schtinnoch,/ˈʃtɪnɔx/,nc.,napkin
schtirl,/ʃtɪʁl/,adv.,forever
schtiss,/ʃtis/,nd.,nerve
schtissch,/ʃtɪʃ/,adj.,cool (slightly cold)
schto,/ʃto/,nc.,bottle
schtö,/ʃtøː/,prep.,by (using the means of); by (using a route)
schtö,/ʃtœ/,nd.,plane
schtöchkabo,/ˈʃtøːçkaːboː/,v.,study
schtöchkaboo,/ˈʃtøːçkaːboː/,nd.,study
schtodt,/ʃtot/,v.,mock; imitate
schtoo,/ʃtoː/,nc.,link; bridge
schtoochti,/ˈʃtoːçtɪ/,v.,trick; deceive; bluff
schtork,/ʃtɔʁk/,nd.,maximum
schtösslü,/ˈʃtœslʏ/,nc.,wardrobe
schtra,/ʃtʁaː/,prep.,in; within; into
schtra,/ʃtʁa/,v.,jump; leap; bounce
schträ,/ʃtʁeː/,num.,zero
schtränn,/ʃtʁɛn/,nd.,canyon
schtre,/ʃtʁɛ/,adj.,firm
schtre,/ʃtʁə/,nc.,survey
schtre,/ʃtʁe/,nd.,sausage
schtredt,/ʃtʁet/,adj.,significant
schtredt,/ʃtʁət/,nc.,hatch
schtrellk,/ʃtʁɛlk/,v.,provoke; exacerbate
schtreng,/ʃtʁəŋ/,nd.,demise
schtrer,/ʃtʁɐ/,v.,duck; crouch
schtrermmachs,/ˈʃtʁɐmaks/,v.,excel
schtri,/ʃtʁi/,v.,deliver; transfer
schtri,/ʃtʁɪ/,nd.,shrimp
schtringchs,/ʃtʁiŋks/,adj.,dense
schtro,/ʃtʁɔ/,nd.,glove
schtro,/ʃtʁo/,nd.,pistol
schtrö,/ʃtʁœ/,nc.,weather; climate
schtröch,/ʃtʁøːç/,nd.,treasure
schtrochko,/ˈʃtʁɔçkɔ/,v.,drink
schtrochkotta,/ˈʃtʁɔçkɔta/,adj.,drunk (inebriated)
schtröngchs,/ʃtʁøːŋks/,v.,govern; reign
schtröngchselpsdt,/ˈʃtʁøːŋksəlpst/,nd.,government
schtronns,/ʃtʁɔns/,v.,treat
schtronnselpsdt,/ˈʃtʁɔnsəlpst/,nd.,treatment
schtrördt,/ʃtʁœʁt/,nd.,maid
schtross,/ʃtʁos/,nd.,hole; tunnel; cavity; crack; well
schtru,/ʃtʁʊ/,nd.,organization
schtrü,/ʃtʁʏ/,nd.,noise; rumor
schtruh,/ʃtʁuː/,nc.,belief; opinion
schtruhndo,/ˈʃtʁuːndo/,nd.,erection
schtrull,/ʃtʁʊl/,v.,complement
schtruwo,/ˈʃtʁuvo/,nd.,oath
schtry,/ʃtʁy/,v.,tread; step on
schtu,/ʃtuː/,v.,cut
schtu,/ʃtu/,adj.,polite
schtu,/ʃtuː/,nd.,cut
schtü,/ʃtʏ/,nd.,fin (of fish)
schtü,/ʃtyː/,nc.,band (musical group)
schtussä,/ˈʃtusɛ/,nc.,jar
schtuttsdt,/ʃtutst/,adj.,middle
schtuttsdt by,/ʃtutst by/,nc.,middle class
schtuttsdt tei,/ʃtutst taɪ̯/,nd.,midnight
schtyk,/ʃtyk/,v.,skate
schtyrbö,/ˈʃtyʁbøː/,nc.,slave
schu,/ʃuː/,det.,each
schu,/ʃu/,adj.,final
schu,/ʃʊ/,v.,scrape
schü,/ʃyː/,nd.,doctor
schü,/ʃʏ/,adj.,warm
schück,/ʃʏk/,adj.,dangerous
schückaʧ,/ˈʃʏkaːʧ/,nc.,danger
schusch,/ʃuːʃ/,nc.,platform
schussch,/ʃʊʃ/,nd.,heat
schussch,/ʃuʃ/,adv.,finally
schusschüchs,/ˈʃʊʃʏks/,adj.,hot
schusschüchs latl,/ˈʃʊʃʏks laːtl/,nc.,spice
schussdt,/ʃust/,v.,finish
schussdt,/ʃust/,nc.,end
schwa,/ʃvaː/,v.,sneak; lurk
schwa,/ʃva/,nd.,organ
schwalls,/ʃvals/,nc.,peace
schwändt,/ʃvɛːnt/,nc.,triangle
schwarch,/ʃvaʁç/,adj.,certain; sure
schwarchösch,/ˈʃvaʁçøːʃ/,adv.,certainly
schwassch,/ʃvaʃ/,adj.,rough
schwau,/ʃvaʊ̯/,nd.,cathedral
schwe,/ʃvə/,det.,what
schwe,/ʃveː/,nc.,button (pushbutton); knob
schwe,/ʃvɛ/,v.,display; advertise; reveal
schwe,/ʃvə/,pron.,what
schweelpsdt,/ˈʃvɛəlpst/,nd.,advertisement
schwekdt,/ʃvəkt/,adj.,triple
schwendt,/ʃvənt/,v.,belong
schwer,/ʃvɐ/,nc.,perfume
schwerke,/ˈʃvəʁke/,v.,graze (feed on)
schwerll,/ʃvɐl/,nd.,fatigue
schwerller,/ˈʃvɐlɐ/,adj.,brief
schwernn,/ʃvɐn/,v.,haunt
schwi,/ʃvɪ/,v.,come; go; pass; become (change into); get; reach; happen; occur
schwichsi,/ˈʃvɪksi/,adj.,amazing
schwick,/ʃvɪk/,nc.,wound
schwide,/ˈʃvide/,v.,stain
schwie,/ʃviː/,nc.,shell
schwie pfysdt,/ʃviː pfyst/,nc.,turtle
schwiekwu,/ˈʃviːkvʊ/,nd.,campaign
schwiese,/ˈʃviːzə/,nc.,bait
schwigng,/ʃvigŋ/,v.,situate
schwill,/ʃvil/,nd.,recipe; formula
schwille,/ˈʃvile/,adj.,able; capable; competent
schwilleʧ,/ˈʃvileʧ/,nc.,ability
schwissu,/ˈʃvɪzuː/,v.,defy; violate
schwo,/ʃvɔ/,adv.,ago
schwö,/ʃvœ/,nc.,horn
schwö,/ʃvøː/,nc.,angel; saint
schwogeuch,/ˈʃvogɔʏ̯ç/,adj.,awake
schwong,/ʃvɔŋ/,adj.,bright; clear
schwöntai,/ˈʃvøːntʔaɪ̯/,v.,huddle
schwu,/ʃvuː/,nd.,homeland; motherland
schwu,/ʃvu/,nc.,harvest
schwü,/ʃvyː/,v.,keep (save; retain); save
schwü,/ʃvʏ/,nc.,hair (of head); hair (of body)
schwuch,/ʃvʊç/,nd.,hurdle
schwüchs,/ʃvyːks/,v.,terminate
schwullk,/ʃvulk/,nd.,media
schwulls,/ʃvʊls/,nd.,beer
schwunndt,/ʃvʊnt/,nc.,fat (bodily substance)
schwunndt,/ʃvunt/,adj.,benign
schwussch,/ʃvuʃ/,v.,probe
schwussdt,/ʃvʊst/,nd.,temper
schwy,/ʃvy/,adj.,old
schy,/ʃy/,nd.,mathematics
schychs,/ʃyks/,nd.,bunker
se,/sə/,nd.,state (condition); condition (state)
se,/zə/,nc.,image
se,/ze/,nc.,grade; rank (position)
seechtleu,/ˈzeːçtlɔʏ̯/,v.,oppress
seh,/zeː/,nd.,cup
sehf,/zeːf/,nc.,scandal
sehls,/seːls/,nc.,acquaintance
seipdt,/saɪ̯pt/,adj.,alone
sel,/zəl/,v.,vibrate
sellpsdt,/zelpst/,nd.,arrow (sign)
sen,/zən/,nd.,slogan
sen,/sən/,adj.,crisp
sendt,/sənt/,nc.,part
sepsch,/səpʃ/,det.,such
ser,/sɐ/,nc.,fence
serdt,/zəʁt/,adj.,attractive
serfi,/ˈsɐfɪ/,v.,change; modify; vary; differ
serfi,/ˈsɐfɪ/,nc.,change
serk,/zəʁk/,adv.,either
sermm,/zɐm/,nd.,puddle
sermmpf,/sɐmpf/,nd.,coal
serng,/zɐŋ/,nc.,carpet
sernke,/ˈzɐŋke/,nd.,license
sernnsdt,/zɐnst/,adv.,maybe; perhaps
sessdt,/zɛst/,nd.,show (performance); exhibit
setl,/zətl/,adj.,regular
seu,/sɔʏ̯/,v.,search; look up; explore; seek
seu,/zɔʏ̯/,v.,rock (move back and forth); toss
seudt,/zɔʏ̯t/,nc.,poultry
seulk,/zɔʏ̯lk/,nd.,passion
seungsdt,/sɔʏ̯ŋst/,nd.,angle
seupsch,/zɔʏ̯pʃ/,nd.,height; altitude
seupschüchs,/ˈzɔʏ̯pʃʏks/,adj.,high
seupschüchs by,/ˈzɔʏ̯pʃʏks by/,nc.,upper class
si,/sɪ/,v.,can
sichs,/sɪks/,adj.,coherent
sie,/siː/,nd.,family (children and parents); family (related by blood)
sie,/ziː/,adj.,necessary
sifdt,/zɪft/,pron.,his; its
sifdt,/zɪft/,det.,his
sifidt,/ˈzɪfɪt/,adv.,now; already
sifnie,/ˈzɪfniː/,nd.,cave
signg,/zigŋ/,nd.,accent (of language)
sill,/zɪl/,v.,affiliate
sillb,/zilp/,nd.,arm; wing
simmpf,/sɪmpf/,nc.,pepper
singsa,/ˈsɪŋza/,v.,aim
sinn,/zɪn/,nd.,sex
sinn pfe,/zɪn pfə/,v.,have sex
sinn schta,/zɪn ʃta/,nd.,pubic hair
sinnter,/ˈsɪntʔɐ/,nc.,luggage; baggage; equipment
sinnüchs,/ˈzɪnʏks/,adj.,sexual
sippsch,/zɪpʃ/,v.,recover
sirdneu,/ˈsiʁdnɔʏ̯/,nd.,zombie
sirhe,/ˈzɪʁhe/,v.,supply
sirl,/zɪʁl/,adj.,hard; difficult
sirsch,/sɪʁʃ/,v.,read
sirts,/zɪʁts/,nc.,sample; example
sisschwo,/ˈziʃvo/,nc.,comedy; humor
sissyk,/ˈzisyk/,v.,hop
sitte,/ˈzɪtʔeː/,nd.,average
so,/zɔ/,adv.,actually
so,/so/,nc.,bow (weapon)
so,/sɔ/,v.,inject; implant
so,/zo/,nc.,patent
sö,/søː/,adv.,soon; now
sö,/sœ/,v.,spell
sö,/zœ/,nc.,theater; stage
sö,/zøː/,adj.,complicated
soa,/ˈzɔʔa/,nd.,soul
sogu,/ˈzɔguː/,v.,export
soh,/zoː/,nc.,deputy
sohlb,/soːlp/,v.,scramble
söiepsch,/ˈsœiːpʃ/,nc.,spelling
sojer,/ˈzɔjɐ/,v.,dive; plant
söngsdt,/zøːŋst/,nd.,mosquito
sonndt,/zont/,v.,rest; relax; nap
sonnts,/sonts/,nd.,diaper
sos,/soːs/,adj.,good; excellent; wonderful; fabulous; terrific; superb; precious; hot (attractive); nice; fine (okay); moral; warm
söʧ,/sœʧ/,v.,upset
su,/zʊ/,nd.,hair (of body); fur
su,/zu/,nc.,soap
sü,/zyː/,pron.,who
sü,/syː/,nd.,unit
sü,/zʏ/,v.,suck
süb,/zyːp/,nd.,technology
süch,/zyːç/,nc.,magnet
suchs,/zʊks/,v.,scratch; rub; massage; wipe
sudt,/zʊt/,v.,trust; rely on
sue,/ˈzʊʔə/,nd.,offspring
sugng,/sugŋ/,v.,erupt; vomit
sugng,/zʊgŋ/,v.,spill
suh,/zuː/,v.,fit; conform
suh,/suː/,nd.,crusade
suhs,/suːs/,prep.,including
sukdt,/suːkt/,nc.,paragraph; clause
sünfelche,/ˈsyːnfəlçə/,nc.,mug
süngsdt,/zyːŋst/,adv.,there
sunk,/suŋk/,v.,linger
süpais,/ˈzyːpaɪ̯s/,adj.,technological
sürk,/zyːʁk/,nc.,policy
süʧ,/zʏʧ/,v.,nod
sy,/zy/,nd.,silk
sychts,/zyçts/,nd.,courier
sympe,/ˈzympə/,v.,flee
syrn,/syʁn/,v.,escort
ta,/ta/,adv.,yet
ta,/taː/,v.,suppress; inhibit; restrain; deter; muffle
tä,/tɛː/,adj.,tropical
tadt,/tat/,adj.,silly
täh,/teː/,adv.,then
tai zwa,/taɪ̯ ʦva/,nd.,gossip
taiä,/ˈtaɪ̯ɛ/,nd.,tag
taif,/taɪ̯f/,prep.,for (a period of time or length of distance)
tal,/taːl/,nd.,dump
tarf,/taʁf/,nc.,dignity
tas,/taːs/,nd.,layer; sheet
täzä,/ˈtɛːʦɛː/,nd.,front; facade
te,/tə/,nc.,home
te,/tɛ/,v.,screw
techdt,/təçt/,v.,go down; descend
teftra,/ˈtɛftʁa/,nd.,effect
tei,/taɪ̯/,nd.,night
tei hanker,/taɪ̯ ˈhaŋkɐ/,nd.,owl
teis,/taɪ̯s/,adj.,blank; vacant
tenchmu,/ˈtənçmu/,nc.,interest (curiosity; concern)
tenf,/tənf/,nd.,tour
tepsch,/təpʃ/,nc.,boot
ter,/tɐ/,v.,visit
terchs,/tɐks/,nd.,gene
terttü,/ˈtɐtʏ/,nd.,visitor
tessdt,/test/,v.,rape; assault
teu,/tɔʏ̯/,adj.,orange
ti,/ti/,adj.,cold
ti,/tɪ/,v.,glance
tien,/tiːn/,nd.,scout
tienfdt,/tiːnft/,nd.,fuse
tienfö,/ˈtiːnfœ/,nc.,embryo
timm,/tim/,nd.,instrument; tool; equipment; apparatus; machine; fixture
to,/tɔ/,adv.,else; otherwise
to,/to/,v.,hurt; injure
tö,/tøː/,adj.,busy
ton,/toːn/,nc.,moss
tong,/toːŋ/,v.,drop
too,/toː/,v.,love
tootü,/ˈtoːtʏ/,nd.,lover
torle,/ˈtɔʁlə/,nd.,file; folder; record (written account); data
torn,/tɔʁn/,nc.,crate
törts,/tœʁts/,v.,bore
törtsernndt,/ˈtœʁtsɐnt/,adj.,boring
tös,/tøːs/,pron.,I
tosschy,/ˈtɔsçy/,nd.,sand; dirt
töʧ,/tøːʧ/,adj.,spare
trä,/tʁɛ/,nd.,step (footstep)
trä,/tʁeː/,nc.,letter (written document)
trallk,/tʁalk/,nc.,arena; stadium
trannf,/tʁanf/,adv.,how
trau,/tʁaʊ̯/,nc.,leather
tre,/tʁə/,adj.,fun
tre,/tʁe/,nd.,camera
tre nacktie,/tʁɛ ˈnaktiː/,nd.,footprint
trern,/tʁeʁn/,adj.,weird; strange; bizarre; peculiar
tres,/tʁəs/,v.,scrub; rub; wash
treʧ,/tʁəʧ/,nc.,fun
treu,/tʁɔʏ̯/,nd.,trial
treu heng,/tʁɔʏ̯ həŋ/,nc.,court (of law)
tri,/tʁɪ/,nd.,job
tri,/tʁi/,nc.,bullet
trie,/tʁiː/,nd.,pavement
trienta,/ˈtʁiːntʔa/,nc.,table; bench; desk
trieʧ,/tʁiːʧ/,nd.,toy
trilldt,/tʁɪlt/,nd.,throne
trirdt,/tʁɪʁt/,nd.,cigar
tro,/tʁo/,nc.,brain
tro,/tʁɔ/,pron.,none
tröckdt,/tʁœkt/,conj.,although; though
trödt,/tʁøːt/,nc.,cult
troftä,/ˈtʁɔftɛ/,nd.,office
trogi,/ˈtʁogi/,v.,cover up
trollfunndt,/ˈtʁɔlfunt/,v.,tackle
trönnsau,/ˈtʁœnzaʊ̯/,v.,snatch
tronnsch,/tʁɔnʃ/,nc.,coconut
troo,/tʁoː/,nd.,gravity
tru,/tʁʊ/,adj.,broad
tru,/tʁu/,nc.,infant; toddler
trü,/tʁyː/,nd.,shovel
truh,/tʁuː/,nc.,sauce
trüi,/ˈtʁʏʔɪ/,v.,crumble
trung,/tʁʊŋ/,v.,merge
trürn,/tʁyːʁn/,adj.,happy
trürnaʧ,/ˈtʁyːʁnaːʧ/,nd.,happiness
trüus,/ˈtʁʏuːs/,v.,express
try,/tʁy/,v.,scoop
trys,/tʁys/,nc.,grid
trysch,/tʁyʃ/,nc.,leverage
tu,/tʊ/,nc.,version
tü,/tyː/,v.,release; let go; let out; dismiss
tü,/tʏ/,nc.,atmosphere; mood
tuckdt,/tukt/,nd.,rabbit
tuh,/tuː/,nd.,baby
tull,/tul/,v.,fascinate
tullai,/ˈtulaɪ̯/,nd.,castle
tulltsu,/ˈtʊltzʊ/,nc.,vase
tumumm,/ˈtuːmum/,nd.,pirate
türsch,/tʏʁʃ/,adj.,static; passive
tuttaibre,/ˈtʊtaɪ̯bʁə/,v.,enjoy; appreciate
tyngsdt,/tyŋst/,nd.,kitchen
u,/u/,prep.,on
u,/ʊ/,adj.,bad
u,/ʔʊ/,v.,require; lack; oblige
u,/ʔu/,nc.,tear
ü,/ʔʏ/,nc.,thought; concept
ü,/ʏ/,v.,put (cause to be)
ü,/yː/,nc.,root
ü,/ʔyː/,nd.,trousers; pants
ü neonnsch,/ʔyː ˈnəɔnʃ/,nc.,pocket
übb,/ʏp/,nd.,money
übb heng,/ʏp həŋ/,nc.,bank
üch,/ʔyːç/,nd.,bicycle
uchdt,/uçt/,nd.,way
uchdt,/ʔʊçt/,nd.,bra
üchdt,/ʏxt/,v.,scan
üchdt,/ʔʏçt/,v.,embark
üchts,/ʔyːçts/,v.,forget
üchts,/ʏçts/,nc.,female
uckdt,/ʊkt/,v.,evolve
ücksimm,/ˈʏkzɪm/,nd.,wit
ückzottl,/ˈʏkʦɔtl/,v.,confuse; complicate
ückzottloota,/ˈʏkʦɔˌtloːta/,adj.,complex
üdi,/ˈyːdɪ/,v.,stress
udt,/ʊt/,nc.,fiber
udt,/ʔut/,adj.,skinny
üdt,/yːt/,v.,access
ue,/ˈʊe/,nd.,veteran
üf,/ʔʏf/,v.,regard; deem
üfdt,/yːft/,nd.,fort; castle
ufherll,/ˈʊfhɐl/,v.,acquire; inherit
üfuhng,/ˈʔyːfuːŋ/,v.,favor
ugng,/ugŋ/,nd.,goal (objective); target
uhldt,/uːlt/,nd.,morning; dawn; birth
uhlsch,/ʔuːlʃ/,prep.,at
uhnʧi,/ˈʔuːnʧi/,nd.,crisis
uhrf pfe,/uːʁf pfeː/,nd.,ice
uhrussdt,/ˈʔuːʁʊst/,nc.,stable
uhstail,/ˈuːstaɪ̯l/,nd.,mountain; hill; slope; slant; dune
ülb,/yːlp/,nc.,membrane
üldt,/yːlt/,adv.,never
ülle,/ˈʏleː/,nc.,servant; waiter
ullk,/ulk/,nc.,percent
üllk,/ʔʏlk/,v.,think
ulls,/ʊls/,nc.,darling
üls,/yːls/,nc.,plant
üm,/yːm/,num.,billion
umm,/ʊm/,v.,employ; enlist; hire; rent
ümm,/ʔʏm/,nd.,medicine
ümmais,/ˈʔʏmaɪ̯s/,adj.,medical
ummittü,/ˈʊmɪtʏ/,nc.,employer
ummpf,/ʊmpf/,prep.,like
ummumm,/ˈʊmʊm/,nd.,debt
ün,/yːn/,v.,forge
undt,/uːnt/,nd.,click
ündt,/yːnt/,adj.,major
ung,/ʊŋ/,nc.,cousin
üng,/ʏŋ/,nd.,load
ungsdt,/ʔuŋst/,nc.,prejudice; bias
unk,/ʊŋk/,nd.,hag (old woman)
unkech,/ˈuŋkəç/,nd.,fringe
unkutts,/ˈʊŋkuts/,adj.,sole; lone
unn,/un/,nd.,monster; beast
unndt,/ʔunt/,nd.,butt
unnf,/ʔʊnf/,nc.,berry
unnte,/ˈʊntʔe/,v.,exaggerate
ünsch,/yːnʃ/,adv.,nowadays
uppfer,/ˈʊpfɐ/,v.,long (want for)
üpsch,/yːpʃ/,nd.,uncle
ur,/ʔuːʁ/,nc.,horse
urf,/uːʁf/,nd.,water; rain; mirror
ürl,/ʏʁl/,nd.,spectrum
ursch,/uʁʃ/,nd.,province; territory
ürschly,/ˈʔʏʁʃly/,nc.,bud; fetus; embryo
üru,/ˈʏʁu/,nd.,fear
üsillsch,/ˈyːzilʃ/,v.,separate; divide; isolate; segregate
uss,/ʊs/,nd.,celebrity
usschpru,/ˈuʃpʁʊ/,nd.,jelly; jam
ussdt,/ʊst/,v.,evoke
üssdt,/ʏst/,adj.,obese
usswölb,/ˈusvøːlp/,nc.,sister
üts,/yːts/,nd.,biology
utte,/ˈutɛ/,v.,cry; shout; scream; moan; sob; weep; sigh
ütts,/ʏts/,nd.,loser
wa,/vaː/,det.,enough
wa,/va/,nc.,evening
wä,/vɛ/,conj.,that
wä,/vɛː/,nd.,snow
wä,/vɛː/,v.,snow
wachdt,/vaxt/,nd.,situation (circumstances; context)
wachs,/vaks/,v.,slash
wader,/ˈvaːdəʁ/,nd.,vulture
währ,/veːʁ/,det.,many
waich,/vaɪ̯ç/,nc.,offer
waich,/vaɪ̯x/,nc.,mess
walk,/vaːlk/,v.,crave
wall,/val/,v.,travel
wällkengsdt,/ˈvɛlkəŋst/,adj.,empty; vacant; hollow; naked; nude
wälls,/vɛls/,v.,win
wän,/veːn/,nd.,parcel; package; bundle; packet
wanchma,/ˈvaːnçmaː/,v.,chat
wängogng,/ˈvɛːŋogŋ/,nc.,seaweed
wanndt,/vant/,v.,bloom; blossom; flourish
wannho,/ˈvanho/,v.,resemble
wannsdt,/vanst/,nd.,color; hue; paint
wannünnubb,/ˈvanʏnʊp/,v.,monitor
waoh,/ˈvaːʔoː/,nc.,stripe; strip; ribbon
wappsch,/vapʃ/,nd.,wrinkle; crease; kink (sharp twist)
warts,/vaʁts/,nd.,privilege
wasschwäelpsdt,/ˈvaʃvɛəlpst/,nd.,flight
wasschwe,/ˈvaʃvɛ/,v.,fly
wauch,/vaʊ̯ç/,nd.,pear
we,/və/,nd.,finger; toe; thumb
we,/ve/,nc.,stock
we mer,/və mɛʁ/,nc.,fingerprint
wechsüch,/ˈveksʏç/,nd.,ancestor; forefather
wedt,/vət/,nd.,journey; trip; voyage
wee,/veː/,v.,run; work (function)
weelde,/ˈveːldɛ/,v.,feed
weepsch,/veːpʃ/,nd.,widow
weetü,/ˈveːtʏ/,nd.,runner
weetuhrk,/ˈveːtuːʁk/,nd.,fuel
weftre,/ˈvɛftʁə/,nd.,ghost; spirit
weftre schtaimpf,/ˈvɛftʁə ʃtaɪ̯mpf/,nd.,mood
wefüdt,/ˈvəfʏt/,nd.,country (nation); state (province; country)
wehb,/veːp/,nd.,coin
wei,/vaɪ̯/,v.,take; arrest
weichüchs,/ˈvaɪ̯xʏks/,adj.,messy
weing,/vaɪ̯ŋ/,v.,prevent; intercept
weinsachsto,/ˈvaɪ̯nzaçstɔ/,nd.,bulb (plant root)
weksill,/ˈveːkzɪl/,num.,eighteen
wel,/vəl/,nd.,hawk
welb,/vəlp/,nc.,tower
wellselpsdt,/ˈvɛlsəlpst/,nc.,victory
wem,/vəm/,nd.,sense
wemm,/vem/,nd.,card; ticket; voucher
wendt,/vənt/,nd.,hat; helmet
weng,/vəŋ/,nd.,discount
wenge,/ˈvəŋe/,v.,disturb
wenn,/ven/,v.,matter
wennhedt,/ˈvɛnhət/,nc.,default
wensch,/vənʃ/,nc.,attitude
wenste,/ˈvənstə/,nc.,spasm; orgasm; seizure
wepsch,/vəpʃ/,v.,face
wer,/vəʁ/,nd.,matter (substance; material)
wer,/vɐ/,prep.,beside
werbi,/ˈvəʁbɪ/,v.,reveal
werdt,/vɐt/,adj.,random
werdt,/vəʁt/,v.,peel
werheb,/ˈvɐhəp/,nd.,patriot
wernntko,/ˈvɐntkɔ/,v.,know (be acquainted with)
werü,/ˈvəʁyː/,nd.,amateur
wes,/vəs/,nd.,nail
wesoo,/ˈvəzoː/,v.,bend
wess,/ves/,nd.,sign; signal; alarm; siren
wessdt,/vɛst/,nc.,horizon
wesse,/ˈvesʔə/,adj.,minor; mere; petty
wetittü,/ˈvətɪtʏ/,nd.,tourist
wetiuh,/ˈvəʦjuː/,adj.,large
weu,/vɔʏ̯/,v.,improve; refine
weuchtiengsdt,/ˈvɔʏ̯çtiːŋst/,v.,scream
wewo,/ˈvəvɔ/,v.,try (attempt); attempt
wi,/vi/,num.,six
wi,/vɪ/,nd.,skill; talent
wichs,/vɪks/,adj.,skilled
wie,/viː/,nd.,mask; veil
wieb,/viːp/,v.,explode; blow up
willb,/vɪlp/,nc.,shirt; blouse; top (clothing)
willk,/vilk/,nd.,universe
winnge,/ˈvingɛ/,adj.,cute
winns,/vɪns/,v.,cook (heat food)
winnsittü,/ˈvɪnsɪtʏ/,nd.,chef; cook
winntle,/ˈvɪntlə/,nd.,process; procedure
winnts,/vints/,adv.,too; so; also; as well
winnü,/ˈvɪnʏ/,nd.,animal; creature; beast; organism
winnü bi,/ˈvɪnʏ bɪ/,nd.,wildlife
wo,/vo/,nc.,day; date; light
wö,/vœ/,num.,five
wö,/vøː/,adv.,behind; back
wöchdt,/vœçt/,nc.,ray (of light)
wöde,/ˈvøːdə/,v.,erase
wofdt,/vɔft/,adj.,hot (attractive)
wohelpsdt,/ˈvoːəlpst/,nc.,preparation
wohs,/voːs/,v.,blame; attribute
wönnf,/vœnf/,nc.,oil; grease
wonnfdt,/vɔnft/,v.,review
wonnsch,/vonʃ/,nd.,city
wonnschüchs,/ˈvonʃʏks/,adj.,urban
woo,/voː/,v.,prepare; assemble; congregate; collect; train; rehearse; recite
worsch,/voʁʃ/,v.,deploy
wötbrohfrennsch,/ˈvøːtbʁoːfʁenʃ/,v.,quote
wotts,/vots/,adj.,deaf
woynk,/ˈvɔʔyŋk/,nc.,trailer
wu,/vu/,v.,die
wu,/vʊ/,adj.,purple
wu,/vuː/,nc.,footpath; sidewalk
wü,/vʏ/,v.,say; tell; speak; announce; declare; instruct
wü,/vyː/,nd.,sponge
wucha,/ˈvʊça/,nc.,bow (decorative material)
wücköwonn,/ˈvʏkøːvɔn/,nc.,space (beyond Earth)
wüdt,/vʏt/,adj.,acute
wuelpsdt,/ˈvuəlpst/,nd.,death
wull,/vul/,nc.,sibling
wüllko,/ˈvʏlkɔ/,nd.,compost; fertilizer
wulls,/vʊls/,nd.,apology
wum,/vuːm/,v.,thrust; propel
wun,/vuːn/,v.,convict; sentence
wüngchs,/vʏŋks/,v.,should
wünn,/vʏn/,nd.,sentence
wunndt,/vunt/,v.,enforce
wünnsch,/vʏnʃ/,nd.,urn
wür,/vʏʁ/,v.,enter; penetrate
würch,/vyːʁç/,adj.,convenient
wurdt,/vuʁt/,v.,soak; drench; saturate; irrigate; marinate
würelpsdt,/ˈvʏʁəlpst/,nd.,entrance
wurn,/vuʁn/,nd.,courtesy
wüs,/vyːs/,nd.,crater; cavity
wuss,/vus/,nd.,habitat
wüss,/vʏs/,nd.,dirt
wusschtef,/ˈvʊʃtef/,nc.,robe
wusschwy,/ˈvuʃvy/,prep.,among
wüssdt,/vʏst/,adj.,loyal
wussi,/ˈvʊsʔɪ/,nd.,lesbian
wüssüchs,/ˈvʏsʏks/,adj.,dirty
wutta,/ˈvuta/,adj.,dead
wy,/vy/,v.,shrug
wych,/vyç/,adj.,precious; rare
wylb,/vylp/,nc.,urge
wyrk,/vyʁk/,nd.,tablet; slab; brick
y,/y/,det.,that
y,/ʔy/,nd.,plug
y,/y/,pron.,that
yb,/yp/,nc.,flour
ychdt,/yçt/,nd.,nature; environment (natural world); habit
ychka,/ˈyçka/,nd.,cauldron; kettle
ychtais,/ˈyçtaɪ̯s/,adj.,natural
yfpa,/ˈyfpa/,nc.,remains; remnant
yl,/ʔyl/,nd.,ink
ylb,/ylp/,nd.,flag; banner
ylbu,/ˈylbʊ/,nd.,virgin
ylels,/ˈyləls/,nd.,logo
ylittü,/ˈʔylɪtʏ/,nc.,stamp
yn,/yn/,v.,owe
yndt,/ynt/,adj.,general; generic
yng,/yŋ/,v.,surpass
yrf,/yʁf/,nc.,number; statistic
ytorl,/ˈytɔʁl/,nd.,ankle
za,/ʦaː/,nd.,ear
za,/ʦa/,v.,stab
zä,/ʦɛː/,nd.,ditch; trench
za prü,/ʦaː pʁʏ/,nc.,earring
zäch,/ʦɛːx/,nd.,rag
zäh,/ʦeː/,nc.,rate
zählk,/ʦeːlk/,v.,rate
zäldt,/ʦɛːlt/,num.,fourteen
zan,/ʦaːn/,nd.,mill
zank,/ʦaŋk/,nd.,chorus
zau,/ʦaʊ̯/,nc.,letter (of an alphabet)
zauch,/ʦaʊ̯ç/,nc.,alphabet
ze,/ʦə/,v.,be (exist); be (permanent state)
ze,/ʦɛ/,nd.,ant
ze,/ʦe/,v.,frown
zeech,/ʦeːç/,v.,reap
zegng,/ʦəgŋ/,v.,carry out; implement
zei,/ʦaɪ̯/,v.,flirt
zell,/ʦel/,adj.,violent
zellaʧ,/ˈʦelaːʧ/,nd.,violence
zem,/ʦəm/,nd.,cell (room in a prison)
zene,/ˈʦənə/,v.,alert
zeplä,/ˈʦəpleː/,v.,sniff
zeswänts,/ˈʦəsvɛːnts/,nd.,disgust
zeʧ,/ʦəʧ/,v.,tear; rip
zeu,/ʦɔʏ̯/,v.,feel (perceive; sense)
zeuelpsdt,/ˈʦɔʏ̯əlpst/,nd.,feeling
zi,/ʦɪ/,nd.,priest
zi,/ʦi/,v.,arrange; organize
zie,/ʦiː/,v.,steal; kidnap
ziiepsch,/ˈʦiiːpʃ/,nd.,organization
zill,/ʦɪl/,v.,recycle
zillby,/ˈʦɪlby/,nc.,play (stage play)
zir,/ʦiʁ/,nd.,town; village
zirch,/ʦɪʁç/,v.,sweep
zo,/ʦɔ/,nd.,resident; tenant
zo,/ʦo/,adj.,aware
zö,/ʦøː/,nc.,distance; range; span
zö,/ʦœ/,nd.,uniform
zochs,/ʦɔks/,nc.,hood
zöchs,/ʦøːks/,adj.,distant
zohb,/ʦoːp/,nc.,goblin
zök,/ʦøːk/,nd.,princess
zou,/ˈʦɔuː/,adj.,thick; wide; broad; fat
zu,/ʦu/,v.,assign; elect; allocate
zu,/ʦʊ/,v.,devise; come up with
zü,/ʦyː/,nc.,source; origin; well; fountain; resource; oasis
zü,/ʦʏ/,nc.,shit
zudt,/ʦʊt/,v.,become (begin to be); become (change into)
zuh,/ʦuː/,v.,would
zwa,/ʦva/,v.,talk; speak; pronounce
zwä,/ʦveː/,nc.,parent
zwaii,/ˈʦvaːɪi/,nd.,chance; odds; fluke; accident
zwäldeu,/ˈʦvɛːldɔʏ̯/,nd.,legend
zwe,/ʦvə/,nc.,train
zwechdt,/ʦvəxt/,nd.,artillery
zwefer,/ˈʦvəfɐ/,adv.,yesterday
zwei,/ʦvaɪ̯/,nd.,barbecue
zwellba,/ˈʦvɛlbaː/,v.,impress
zwer,/ʦvɐ/,nd.,nose
zwerch,/ʦvɐx/,nc.,talent
zwerk,/ʦvɐʁk/,v.,investigate; inquire; examine; audit
zwerng,/ʦvɐŋ/,adj.,private
zwes,/ʦvəs/,nc.,supervisor
zwetseindt,/ˈʦvətzaɪ̯nt/,nd.,discourse; rhetoric
zweʧ,/ʦvəʧ/,v.,bond
zweu,/ʦvɔʏ̯/,nd.,capital (city)
zweuchdt,/ʦvɔʏ̯xt/,adj.,opposite
zwezda,/ˈʦveːʦda/,nd.,topic; theme; motif
zwi,/ʦvɪ/,nd.,husband
zwi,/ʦvi/,nc.,university
zwich,/ʦvɪç/,nd.,boyfriend
zwich,/ʦvix/,nc.,rib
zwie,/ʦviː/,adj.,gross
zwiechkee,/ˈʦviːçkeː/,v.,thank
zwillk,/ʦvɪlk/,adj.,frequent
zwinn,/ʦvin/,adj.,casual
zwinnto,/ˈʦvintɔ/,adj.,quick
zwinntossch,/ˈʦvintɔʃ/,adv.,quickly
zwiuh,/ˈʦvɪuː/,adj.,comic
zwo,/ʦvɔ/,nc.,race (ethnicity); ethnicity
zwo,/ʦvo/,adj.,clean
zwo,/ʦvo/,v.,clean
zwong,/ʦvoŋ/,nd.,dairy
zwonndt,/ʦvɔnt/,nd.,skeleton
zwoo,/ʦvoː/,v.,strive
zwu,/ʦvʊ/,adj.,blue
zwü,/ʦvyː/,nd.,poem; lyrics
zwuch,/ʦvuːç/,nd.,rationale
zwuh,/ʦvuː/,nd.,garbage; trash; rubbish; sewage
zwunnts,/ʦvunts/,nd.,capsule; tablet
zwurdt,/ʦvʊʁt/,nd.,wax
zwusdt,/ʦvuːst/,nd.,sewer
zwütü,/ˈʦvyːtʏ/,nd.,poet
zwy,/ʦvy/,nc.,guide
zy,/ʦy/,nd.,center; core; hub (center of activity); nucleus
zychs,/ʦyks/,adj.,central