a,/a/,v.,could
a,/a/,pron.,he; him; his; it; its
abas,/ˈabas/,nm.,runner
abi,/ˈabi/,nf.,parsley
ablembu,/aˈblembu/,nm.,gardener
ablumo,/aˈblumo/,nm.,heat
abocsir,/aˈboksiɾ/,v.,wreck; ruin; devastate
abrel,/ˈabɾel/,nm.,subtlety
abri,/ˈabɾi/,nm.,singer
abron,/ˈabɾon/,nf.,mast
absud,/ˈabsud/,nf.,female
aca,/ˈaka/,v.,tear; rip
acecus,/aˈkekus/,nm.,hunter
acen,/ˈaken/,nm.,peak
acerilli,/ˌakeˈɾiʎi/,nm.,dancer
achi,/ˈaʧi/,nm.,hurdle
achis,/ˈaʧis/,nf.,dealer
achojod,/aˈʧoxod/,nm.,difference
achos,/ˈaʧos/,nm.,prisoner
aclinis,/aˈklinis/,nm.,chef; cook
acluntrad,/aˈkluntɾad/,nm.,skill
acos,/ˈakos/,nf.,teacher
acre,/ˈakɾe/,nf.,oxygen
acros,/ˈakɾos/,nm.,length
acsontra,/akˈsontɾa/,nf.,shrub; bush
actasan,/akˈtasan/,v.,call (cry out)
acuedro,/aˈkwedɾo/,nm.,farmer
acuen,/ˈakwen/,nf.,author; writer
ad,/ad/,nf.,matter (substance; material)
adera,/aˈdera/,adj.,shiny
adillil,/aˈdiʎil/,nm.,luck
adrebgi,/aˈdɾebxi/,nm.,west
adrer,/ˈadɾeɾ/,nm.,height
adruñen,/aˈdɾuɲen/,nm.,locksmith
adubsoltur,/ˌadubˈsoltuɾ/,nf.,vendor
aemplu,/aˈemplu/,nm.,civilization
aergurtan,/ˌaeɾˈguɾtan/,nm.,assassin
afed,/ˈafed/,nm.,trader
afensa,/aˈfensa/,adj.,offensive
aflice,/aˈflike/,nm.,match (for fire)
afol,/ˈafol/,nm.,visitor
afol,/ˈafol/,nm.,tourist
afon,/ˈafon/,nf.,owner
agan,/ˈagan/,nf.,truth
agelsirta,/ˌaxelˈsiɾta/,nm.,pride
ageu,/aˈxeu/,nf.,fertility
agled,/ˈagled/,nm.,echo
aglice,/aˈglike/,nf.,capsule; tablet
agnel,/ˈagnel/,nm.,transport
agniro,/agˈniɾo/,v.,crawl
agrenses,/aˈgɾenses/,nf.,darkness
agrilte,/aˈgɾilte/,nm.,criminal
agros,/ˈagɾos/,nm.,youth
agu,/ˈagu/,v.,spill
agus,/ˈagus/,nm.,killer
ail,/ˈail/,nm.,artist
ainso,/aˈinso/,nm.,sickness
ajo,/ˈaxo/,nf.,rhythm
ajpe,/ˈaxpe/,v.,afford
ajso,/ˈaxso/,nm.,ministry
ajtron,/ˈaxtɾon/,nm.,rubber; tire
al,/al/,nf.,stump
alba,/ˈalba/,v.,escort
albe,/ˈalbe/,adj.,simple
aldon,/ˈaldon/,nm.,clan; kin
aldre,/ˈaldɾe/,nm.,jelly
alin,/ˈalin/,nm.,width
alle,/ˈaʎe/,nf.,bone
allicse,/aˈʎikse/,nf.,absence
allol,/ˈaʎol/,nf.,liar
alol,/ˈalol/,adj.,boring
alpur,/ˈalpuɾ/,nm.,curve
alugres,/aˈlugɾes/,nm.,driver
ama,/ˈama/,nm.,warrior
ambrocres,/amˈbɾokɾes/,nf.,painting
ameptis,/aˈmeptis/,nm.,painter
amer,/ˈameɾ/,nm.,scientist
amer fusdi,/ˈameɾ ˈfusdi/,nm.,psychologist
amiren,/aˈmiren/,nf.,anger
amplu,/ˈamplu/,nm.,circle; wheel; disk
amplul,/ˈamplul/,nf.,population
amun,/ˈamun/,nm.,guy
an,/an/,nm.,level (degree; stage)
anbar,/ˈanbaɾ/,nm.,boy; son
anbar srorto,/ˈanbaɾ ˈsɾoɾto/,nm.,prince
ancled,/ˈankled/,v.,decorate
anda,/ˈanda/,nf.,orchestra
andel,/ˈandel/,nm.,wardrobe
andi,/ˈandi/,v.,mold
ando,/ˈando/,nf.,melody; tune
aneter,/aˈneteɾ/,nm.,anxiety
anglon,/ˈanglon/,nm.,allergy
anid,/ˈanid/,nf.,characteristic
añid,/ˈaɲid/,nm.,luxury
anis,/ˈanis/,v.,insist
anopa,/aˈnopa/,adj.,critical
ansedo,/anˈsedo/,nm.,velocity
ansodu,/anˈsodu/,nm.,band (musical group)
antrar,/ˈantɾaɾ/,v.,estimate
aol,/ˈaol/,nf.,player
aondrur,/aˈondɾuɾ/,nm.,ruler
aope,/aˈope/,nf.,judge
aortes,/aˈoɾtes/,nm.,foreigner
apad,/ˈapad/,nf.,florist
apal,/ˈapal/,nm.,drain
apla,/ˈapla/,nm.,employer
apled,/ˈapled/,nm.,fun
apo,/ˈapo/,nm.,tray
apran,/ˈapɾan/,nm.,politician
aprejar,/aˈpɾexaɾ/,nm.,happiness
apres,/ˈapɾes/,nf.,lover
apse,/ˈapse/,nm.,dwarf
ar,/aɾ/,nf.,vegetable
aran,/ˈaɾan/,nm.,spa (mineral spring)
arcil,/ˈaɾkil/,nm.,test
arel,/ˈaɾel/,nf.,princess
aringra,/aˈringɾa/,nf.,hunger
arircu,/aˈriɾku/,nm.,success
arju,/ˈaɾxu/,nf.,therapy
arlu,/ˈaɾlu/,nm.,harbor
arpe,/ˈaɾpe/,adj.,slow
arpra,/ˈaɾpɾa/,v.,guard
arta,/ˈaɾta/,nm.,spring (coil)
as,/as/,v.,move; come
asaber,/aˈsabeɾ/,nf.,sailor
asafor,/aˈsafoɾ/,adj.,flirtatious
ascrelba,/asˈkɾelba/,nm.,top (clothing)
asdun,/ˈasdun/,adj.,nice
ased,/ˈased/,v.,interfere; intervene
ased,/ˈased/,nm.,lawyer
aserde,/aˈseɾde/,nf.,appearance (looks)
ases,/ˈases/,nf.,health
asgros,/ˈasgɾos/,nm.,shape; pattern; style
asgros flin,/ˈasgɾos flin/,nm.,mood
aslol,/ˈaslol/,nm.,bee
aso,/ˈaso/,nf.,worker; employee
asol,/ˈasol/,nm.,manager
asolga,/aˈsolga/,adj.,sticky
asomplol,/aˈsomplol/,nm.,tension
asorsud,/aˈsoɾsud/,nm.,silence
aspid,/ˈaspid/,nm.,copper; bronze
asris,/ˈasɾis/,nf.,poet
asrobli,/aˈsɾobli/,nm.,possibility
astil,/ˈastil/,v.,wrap; drape
asto,/ˈasto/,adj.,mobile; portable
astod,/ˈastod/,v.,swing; hang; drape; rock (move back and forth); wave (salutation)
asuntro,/aˈsuntɾo/,adj.,careful
ate,/ˈate/,v.,roar
atosen,/aˈtosen/,nf.,tour
atregni,/aˈtɾegni/,nf.,ability
atrulci,/aˈtɾulki/,nm.,moisture
ba,/ba/,num.,thousand
ba,/ba/,det.,our
babidor,/baˈbidoɾ/,nm.,elevation
babra,/ˈbabɾa/,nm.,knowledge
babrisu,/baˈbɾisu/,nf.,relationship
bacas,/ˈbakas/,det.,several
bachen,/ˈbaʧen/,nm.,faith
bacos,/ˈbakos/,v.,education
bad,/bad/,v.,enable
badarne,/baˈdaɾne/,nm.,drawing
badrid,/ˈbadɾid/,nm.,lime
badron,/ˈbadɾon/,nm.,respect
bafas,/ˈbafas/,v.,hint; imply; remind
bafas,/ˈbafas/,nm.,hint
bafis,/ˈbafis/,v.,hike
bafrel,/ˈbafɾel/,nm.,spelling
bafun,/ˈbafun/,adj.,serial
bagud,/ˈbagud/,nm.,abuse
bagus,/ˈbagus/,v.,grind; chew
bal,/bal/,adj.,safe; immune
baldes,/ˈbaldes/,nf.,courier
bale,/ˈbale/,adj.,sensible
ballud,/ˈbaʎud/,nm.,detention
bamagnor,/baˈmagnoɾ/,nf.,organization
bambedred,/bamˈbedɾed/,v.,remember; recognize
bambra,/ˈbambɾa/,nf.,magnet
bamenu,/baˈmenu/,v.,leap
ban,/ban/,v.,increase; expand; gain
banastral,/baˈnastɾal/,nf.,infection
bancas,/ˈbankas/,nm.,section; piece
bandu,/ˈbandu/,nm.,dairy
banenso,/baˈnenso/,nm.,record
banmen,/ˈbanmen/,v.,avoid; dodge; escape
banos,/ˈbanos/,v.,upset
bantin,/ˈbantin/,v.,duck
bantro,/ˈbantɾo/,adv.,nowhere
baplis,/ˈbaplis/,nm.,meeting
baplunbos,/baˈplunbos/,nm.,insurance
bar,/baɾ/,adj.,pretty
bardo,/ˈbaɾdo/,nm.,virus
baro,/ˈbaro/,nm.,room (of house)
baru,/ˈbaru/,nm.,necklace
bas,/bas/,v.,run; work (function)
basa,/ˈbasa/,nf.,week
basamplu,/baˈsamplu/,nf.,opening
baslas,/ˈbaslas/,nm.,nickname
basosca,/baˈsoska/,v.,tackle
basrar,/ˈbasɾaɾ/,nm.,cut
basroña,/baˈsɾoɲa/,nf.,building
be,/be/,adj.,close; accurate
bed,/bed/,nm.,saliva
bedir,/ˈbediɾ/,v.,rise
bedri,/ˈbedɾi/,nf.,accountant
bel,/bel/,nm.,country (nation)
belbemplos,/belˈbemplos/,v.,trick; deceive; bluff
beldre,/ˈbeldɾe/,nf.,rake; fork
bele,/ˈbele/,v.,pour; drain; flow
ben,/ben/,nf.,phone
benbesce,/benˈbeske/,nf.,frost
bengre,/ˈbengɾe/,nm.,crust
benme,/ˈbenme/,adj.,pure
beño,/ˈbeɲo/,nf.,jam
bensa,/ˈbensa/,nf.,human
bento,/ˈbento/,v.,clip; snip; trim
bepi,/ˈbepi/,v.,sweep
beptos,/ˈbeptos/,nm.,ant
ber,/beɾ/,nf.,data
ber,/beɾ/,nm.,certificate
bere,/ˈbere/,v.,exert
berga,/ˈbeɾga/,v.,slap
berja,/ˈbeɾxa/,nf.,card
berta,/ˈbeɾta/,nm.,armor
bes,/bes/,nf.,reward; award; prize; medal; profit; trophy
besdajtra,/besˈdaxtɾa/,v.,nominate
besde,/ˈbesde/,nm.,wall
bese,/ˈbese/,nm.,tunnel
bespe,/ˈbespe/,v.,stalk
bespo,/ˈbespo/,v.,betray
bi,/bi/,nm.,age
bi,/bi/,pron.,I; me; mine
bibrul,/ˈbibɾul/,nf.,axis; axle
bichur,/ˈbiʧuɾ/,nm.,merchandise
bid,/bid/,nf.,step (one level of stairs)
bidor,/ˈbidoɾ/,v.,elevate
bijplir,/ˈbixpliɾ/,nf.,blood
bijus,/ˈbixus/,v.,vanish; disappear
bil,/bil/,nf.,bed; lounge; couch; sofa
bilbe,/ˈbilbe/,nm.,archive
bilmud,/ˈbilmud/,nm.,canvas
biltes,/ˈbiltes/,adj.,last (final); last (previous)
bimpla,/ˈbimpla/,adv.,there
bin,/bin/,nf.,interest (curiosity; concern)
binas,/ˈbinas/,nm.,company; business
bincod,/ˈbinkod/,v.,invest; devote
bini,/ˈbini/,nm.,center; heart
bir,/biɾ/,adj.,single
biredol,/biˈɾedol/,nf.,dynamics
birmed,/ˈbiɾmed/,nm.,maid
bis,/bis/,nm.,penis
bla,/bla/,nf.,school
bla fli,/bla fli/,nm.,university
blabe,/ˈblabe/,nf.,organ
blabja,/ˈblabxa/,nm.,lump; bump
blad,/blad/,nf.,magazine
blal,/blal/,adj.,old; former
blaltirmes,/blalˈtiɾmes/,v.,scream
blan,/blan/,nf.,dog
blan cecus,/blan ˈkekus/,nm.,wolf
blar,/blaɾ/,adj.,automatic
blas,/blas/,nm.,perfection
blasde,/ˈblasde/,nf.,stuff
blasmul,/ˈblasmul/,v.,oppress
ble,/ble/,v.,bring; lead; fetch; deliver
blel,/blel/,v.,adapt
blelba,/ˈblelba/,nm.,whip
blembu,/ˈblembu/,nm.,garden
blemel,/ˈblemel/,nm.,chain; link
blemo,/ˈblemo/,adj.,naive; ignorant
blen,/blen/,adj.,current
blenfo,/ˈblenfo/,nm.,rival
blengu,/ˈblengu/,nm.,counter (flat; elevated surface)
blenser,/ˈblenseɾ/,nf.,alibi
blensir,/ˈblensiɾ/,nm.,culture
blere,/ˈbleɾe/,v.,face; confront
blergen,/ˈbleɾxen/,v.,distort
bles,/bles/,v.,whisper
blesde,/ˈblesde/,nf.,archipelago
blesid,/ˈblesid/,v.,slip
blespe,/ˈblespe/,v.,light; illuminate
bli,/bli/,prep.,under; below
blid,/blid/,nf.,wit
blil,/blil/,nf.,joke; humor
blin,/blin/,nm.,shade; hue
blinde,/ˈblinde/,nm.,molecule
blindi,/ˈblindi/,v.,cull
blir,/bliɾ/,v.,accept; pardon
blirpudur,/bliɾˈpuduɾ/,nm.,caterpillar
blis,/blis/,v.,report
blis,/blis/,nm.,report
blita,/ˈblita/,v.,blend; merge
blo,/blo/,v.,feel (perceive; sense); feel (sense by touch)
blo,/blo/,nm.,feeling
bloche,/ˈbloʧe/,v.,kick
blod,/blod/,interj.,well
blon,/blon/,nm.,coal
blonmo,/ˈblonmo/,nm.,goblin
blopru,/ˈblopɾu/,nm.,militia
blor,/bloɾ/,adj.,main
bloror,/ˈbloroɾ/,nm.,sound; voice; music
blos,/blos/,v.,state; declare
bloso,/ˈbloso/,adv.,again
blotes,/ˈblotes/,v.,pause; halt; paralyze
blu,/blu/,v.,be (temporary state)
blubar,/ˈblubaɾ/,v.,peek
blud,/blud/,nf.,wife
blul,/blul/,nf.,girl
blulmel,/ˈblulmel/,nm.,shed
blumo,/ˈblumo/,adj.,hot; warm
blumprus,/ˈblumpɾus/,nf.,celebrity
blun,/blun/,nf.,shadow
blur,/bluɾ/,nm.,restaurant; diner
blurbo,/ˈbluɾbo/,conj.,than
blurche,/ˈbluɾʧe/,nm.,conference
blus,/blus/,adj.,certain; sure
bluslo,/ˈbluslo/,num.,nineteen
bo,/bo/,adj.,right (direction)
boblo,/ˈboblo/,adj.,regular
bobos,/ˈbobos/,v.,compel; oblige
bobsu,/ˈbobsu/,nf.,sling
boco,/ˈboko/,nm.,storm
boculmo,/boˈkulmo/,nf.,bridge
boga,/ˈboga/,nf.,boulder
bojsor,/ˈboxsoɾ/,nm.,crown
bol,/bol/,v.,direct; conduct
boldo,/ˈboldo/,nf.,witness
bolir,/ˈboliɾ/,v.,receive; earn; gain; acquire; reap
bolla,/ˈboʎa/,nm.,peach
bombi,/ˈbombi/,nm.,valley
bomur,/ˈbomuɾ/,nm.,ticket
bon,/bon/,conj.,or; either
boncla,/ˈbonkla/,prep.,after
bonsus,/ˈbonsus/,v.,mean (intend)
bopa,/ˈbopa/,v.,twist; revolve
bopan,/ˈbopan/,adj.,comic
bopon,/ˈbopon/,v.,arrive; happen
bor,/boɾ/,adj.,middle
bora,/ˈboɾa/,v.,stack
border,/ˈboɾdeɾ/,nm.,doll
bori,/ˈbori/,nf.,program
borlan,/ˈboɾlan/,nm.,wax
bormogre,/boɾˈmogɾe/,nm.,mule
bortun,/ˈboɾtun/,nf.,professor
bos,/bos/,nm.,nation
boso,/ˈboso/,nm.,row
bra,/bɾa/,v.,know (a fact); know (be acquainted with)
brad,/bɾad/,interj.,okay
brage,/ˈbɾaxe/,num.,second
bral,/bɾal/,adj.,aesthetic
bralcun,/ˈbɾalkun/,nm.,scale (instrument for weighing)
brambro,/ˈbɾambɾo/,nm.,rice; grain; cereal
bramu,/ˈbɾamu/,v.,go down; descend; sink
brancro,/ˈbɾankɾo/,v.,squat
brande,/ˈbɾande/,v.,dismiss; expel
brar,/bɾaɾ/,nf.,technology
brarne,/ˈbɾaɾne/,v.,roam; prowl; wander; lurk
bras,/bɾas/,adv.,where
bre,/bɾe/,nm.,story; fable; plot; book; magazine; manual; literature; prose
bre cros,/bɾe kɾos/,nm.,history
bred,/bɾed/,conj.,and
bredes,/ˈbɾedes/,nm.,critique
brel,/bɾel/,adj.,quiet; shy; subtle
brelmemed,/bɾelˈmemed/,nf.,coffee
breñid,/ˈbɾeɲid/,adj.,transparent
brer,/bɾeɾ/,nm.,thorn
brerdes,/ˈbɾeɾdes/,v.,cry; shout; scream; call (cry out); sob
brerge,/ˈbɾeɾxe/,adj.,little
brermi,/ˈbɾeɾmi/,v.,commute
bres,/bɾes/,nf.,finger; toe
bres cuer,/bɾes kweɾ/,nm.,thumb
bresdu,/ˈbɾesdu/,nf.,prostitute; whore
bri,/bɾi/,nm.,song; music
bribeche,/bɾiˈbeʧe/,nm.,shrimp
briblu,/ˈbɾiblu/,nm.,pet
brid,/bɾid/,v.,blow
bril,/bɾil/,nm.,ear
brimbo,/ˈbɾimbo/,nm.,weight
brin,/bɾin/,adj.,new; fresh
brincla,/ˈbɾinkla/,nf.,lung
briñes,/ˈbɾiɲes/,adj.,awful; terrible
brinos,/ˈbɾinos/,nf.,pipe; vent
brir,/bɾiɾ/,adj.,free
bris,/bɾis/,nm.,atmosphere
brisdi,/ˈbɾisdi/,nm.,knee
brisu,/ˈbɾisu/,v.,relate; assign
bro,/bɾo/,nf.,bit
brocti,/ˈbɾokti/,nf.,milk
broctis,/ˈbɾoktis/,nm.,friend; acquaintance
brocuo,/ˈbɾokwo/,nf.,click
brod,/bɾod/,adj.,weird; strange; bizarre; peculiar
brol,/bɾol/,v.,fit
brolpa,/ˈbɾolpa/,v.,export
bron,/bɾon/,nf.,hotel
bronfe,/ˈbɾonfe/,v.,stamp
bronfe,/ˈbɾonfe/,nf.,stamp
bropto,/ˈbɾopto/,nf.,battle
bror,/bɾoɾ/,nm.,area
brorge,/ˈbɾoɾxe/,v.,serve; treat
brorme,/ˈbɾoɾme/,nm.,heir
brorod,/ˈbɾorod/,adj.,apparent
brorpo,/ˈbɾoɾpo/,v.,collect; gather; accumulate; compile
bros,/bɾos/,v.,bake
brucsa,/ˈbɾuksa/,nf.,spine
brud,/bɾud/,nf.,diamond
brugri,/ˈbɾugɾi/,v.,foster
brul,/bɾul/,nm.,sponge
brulra,/ˈbɾulɾa/,nm.,cheese
brulri,/ˈbɾulɾi/,nm.,suggestion
brun,/bɾun/,nf.,breakfast
bruol,/ˈbɾuol/,v.,crouch
brupsa,/ˈbɾupsa/,v.,extend; stretch
brur,/bɾuɾ/,nm.,bug; insect
brur judrer,/bɾuɾ ˈxudɾeɾ/,nm.,louse
brus,/bɾus/,v.,stretch
brusgu,/ˈbɾusgu/,nm.,fungus
bruta,/ˈbɾuta/,v.,remark
bu,/bu/,v.,might
bu,/bu/,pron.,they (fem); them (fem); theirs (fem)
buben,/ˈbuben/,v.,emphasize
bud,/bud/,adv.,sometimes
budrud,/ˈbudɾud/,nm.,plateau
bujplod,/ˈbuxplod/,v.,indicate; express
bulan,/ˈbulan/,nm.,temple
bun,/bun/,adj.,former
bungru,/ˈbungɾu/,nm.,flu
bur,/buɾ/,nm.,line
burbor,/ˈbuɾboɾ/,v.,consolidate
burcus,/ˈbuɾkus/,nm.,cabin; hut
burfer,/ˈbuɾfeɾ/,nm.,prism
burin,/ˈbuɾin/,prep.,beside
bursu,/ˈbuɾsu/,nm.,province
bus,/bus/,prep.,before
businbe,/buˈsinbe/,adj.,polite
buste,/ˈbuste/,nm.,address
ca,/ka/,conj.,when
cabicre,/kaˈbikɾe/,v.,edit
cacti,/ˈkakti/,nf.,machine
cad,/kad/,nf.,fat (component in food)
caed,/ˈkaed/,nm.,demise
caga,/ˈkaga/,adj.,loyal
cal,/kal/,det.,any
calbu,/ˈkalbu/,nm.,boyfriend; girlfriend
calcu,/ˈkalku/,nf.,button (pushbutton)
calpo,/ˈkalpo/,v.,confirm; validate; verify
calsed,/ˈkalsed/,nm.,strand
can,/kan/,nm.,plate; disk; platter
cantol,/ˈkantol/,nm.,wave (ocean); surf
capra,/ˈkapɾa/,prep.,inside
car,/kaɾ/,v.,remove; take out; deprive; take away; abolish; evacuate
cara,/ˈkaɾa/,nm.,novice; rookie
cardol,/ˈkaɾdol/,adj.,bitter
cargen,/ˈkaɾxen/,nf.,scrap
carna,/ˈkaɾna/,v.,ban; prohibit; restrict; restrain; veto
carnor,/ˈkaɾnoɾ/,v.,slide
casad,/ˈkasad/,nm.,coat; jacket; layer; cloak
casmen,/ˈkasmen/,nm.,trench
ce,/ke/,adv.,as
cecsor,/ˈkeksoɾ/,nf.,sister
cecu,/ˈkeku/,v.,pray
cecus,/ˈkekus/,v.,search; look up; explore; scan; hunt
ced,/ked/,v.,stop; arrest
cede,/ˈkede/,nf.,origin; root
cedordi,/keˈdoɾdi/,v.,split; divide
cefal,/ˈkefal/,nm.,tent
cejple,/ˈkexple/,v.,look out; watch out
cejplo,/ˈkexplo/,adj.,vibrant
cejur,/ˈkexuɾ/,v.,mourn; lament
cel,/kel/,adj.,tight; compact
celbo,/ˈkelbo/,v.,reveal
celcer,/ˈkelkeɾ/,v.,flash
celi,/ˈkeli/,nm.,offspring
celmen,/ˈkelmen/,nm.,coil
cemo,/ˈkemo/,adj.,infinite
cempro,/ˈkempɾo/,v.,publish
cen,/ken/,adv.,now; already
cendro,/ˈkendɾo/,v.,enrich
cenerna,/keˈneɾna/,nf.,distance; span; gap
ceo,/ˈkeo/,v.,whistle
cer,/keɾ/,nm.,view
cerilli,/keˈɾiʎi/,v.,dance
cerja,/ˈkeɾxa/,nm.,kitchen
cersar,/ˈkeɾsaɾ/,v.,substitute
ceru,/ˈkeɾu/,nf.,yogurt
ces,/kes/,v.,ask (request); request
cestres,/ˈkestɾes/,nm.,cart; wagon
cha,/ʧa/,v.,want; require; choose
chad,/ʧad/,nf.,squirrel
chal,/ʧal/,nm.,nest; den
chalbil,/ˈʧalbil/,v.,extract; pluck
chalongu,/ʧaˈlongu/,v.,wish; crave
chalor,/ˈʧaloɾ/,num.,trillion
chambar,/ˈʧambaɾ/,nm.,illness
chamo,/ˈʧamo/,nm.,cushion
chan,/ʧan/,v.,need (require); need (lack)
chan,/ʧan/,nm.,need
chantru,/ˈʧantɾu/,nm.,pan; saucepan
char,/ʧaɾ/,nf.,tag
charo,/ˈʧaro/,v.,clear
charon,/ˈʧaɾon/,nm.,hammer
charpa,/ˈʧaɾpa/,nm.,adventure
chas,/ʧas/,adv.,often
chase,/ˈʧase/,nf.,disgust
chasgrospe,/ʧasˈgɾospe/,adj.,blank; plain
chaslafos,/ʧaˈslafos/,num.,thirteen
che,/ʧe/,v.,lay
chebser,/ˈʧebseɾ/,nf.,link
chel,/ʧel/,v.,be (exist); be (permanent state)
chembra,/ˈʧembɾa/,nm.,cane
chembu,/ˈʧembu/,nm.,rank (military); rank (position)
chen,/ʧen/,nm.,evidence; clue; symptom
chentres,/ˈʧentɾes/,adj.,great (excellent); awesome
cher,/ʧeɾ/,nf.,ditch
cherfa,/ˈʧeɾfa/,v.,annoy; bother; agitate
cherger,/ˈʧeɾxeɾ/,nm.,bracket
ches,/ʧes/,nf.,energy (strength; stamina)
chesu,/ˈʧesu/,nm.,thunder
chi,/ʧi/,nm.,power; force; strength
chichu,/ˈʧiʧu/,nf.,core; nucleus
chid,/ʧid/,nf.,oval
chir,/ʧiɾ/,nm.,insurgent
chirco,/ˈʧiɾko/,nm.,clerk
chis,/ʧis/,v.,deal
chispas,/ˈʧispas/,nm.,advice
cho,/ʧo/,v.,die
choce,/ˈʧoke/,nf.,breast
chocsu,/ˈʧoksu/,nf.,badge
chod,/ʧod/,nf.,paw; hoof
chojod,/ˈʧoxod/,adj.,different; distinct; various; unique
chol,/ʧol/,v.,smile
cholpal,/ˈʧolpal/,nf.,grade
chonipol,/ʧoˈnipol/,v.,strip
chonsir,/ˈʧonsiɾ/,v.,faint
chontro,/ˈʧontɾo/,nm.,stripe
chor,/ʧoɾ/,adv.,so; therefore; thus
chorban,/ˈʧoɾban/,nf.,fringe; verge
chorsur,/ˈʧoɾsuɾ/,adv.,otherwise
chos,/ʧos/,nm.,prison; jail
chos bli,/ʧos bli/,nm.,dungeon
chostar,/ˈʧostaɾ/,adj.,probable; possible
chu,/ʧu/,nm.,year; period (duration of time)
chucre,/ˈʧukɾe/,nm.,sheep
chud,/ʧud/,nf.,wizard; prophet
chul,/ʧul/,v.,hang out
chule,/ˈʧule/,adj.,deliberate
chumbri,/ˈʧumbɾi/,v.,mock; imitate
chun,/ʧun/,nm.,brick
chunisen,/ʧuˈnisen/,v.,regard; deem
chupte,/ˈʧupte/,nf.,dress; skirt; uniform; gown
chur,/ʧuɾ/,nm.,puddle
chursin,/ˈʧuɾsin/,v.,vomit
chus,/ʧus/,interj.,yes
ci,/ki/,v.,continue; keep (continue); persist
cibo,/ˈkibo/,nf.,state (condition); condition (state)
cictu,/ˈkiktu/,v.,drown; drench; saturate
cid,/kid/,nm.,exit
cido,/ˈkido/,nf.,sequence; order
cigla,/ˈkigla/,v.,dine
cigren,/ˈkigɾen/,nf.,century
cijple,/ˈkixple/,adv.,less
cijses,/ˈkixses/,nm.,handcuff
cilgu,/ˈkilgu/,v.,evacuate
cilles,/ˈkiʎes/,nf.,project
cin,/kin/,nf.,hospital
cingru,/ˈkingɾu/,nf.,carpet
cipir,/ˈkipiɾ/,nf.,tub; bath; pool
cirba,/ˈkiɾba/,v.,refer; attribute
cires,/ˈkires/,adv.,nevertheless; regardless; even though
cirjo,/ˈkiɾxo/,num.,eighteen
cirme,/ˈkiɾme/,nf.,altitude
cis,/kis/,nf.,crack
cis,/kis/,v.,crack
cisun,/ˈkisun/,nm.,tin
citeche,/kiˈteʧe/,prep.,alongside; as well as
cla,/kla/,v.,lack
clacra,/ˈklakɾa/,v.,present
clad,/klad/,prep.,during
cladel,/ˈkladel/,nm.,border; boundary; margin; verge
clajplen,/ˈklaxplen/,nm.,hoax
clallor,/ˈklaʎoɾ/,nm.,bachelor
clan,/klan/,v.,squeeze; clutch
clanfu,/ˈklanfu/,nm.,chin; jaw; beard
clar,/klaɾ/,nm.,feather
clared,/ˈklaɾed/,nf.,rag
clas,/klas/,nf.,weather
cle,/kle/,nf.,lot
cled,/kled/,nm.,earth
clelcombed,/klelˈkombed/,v.,drench; flush
clempe,/ˈklempe/,nm.,bud
clen,/klen/,nm.,rod; shaft; bar; pole; arm; axle
cler,/kleɾ/,adj.,fluent
clerbal,/ˈkleɾbal/,nm.,tear
clerfu,/ˈkleɾfu/,nf.,yacht
clerontrer,/kleˈɾontɾeɾ/,v.,wake; wake up; get up
cles,/kles/,adj.,thin (slender); slim
clestrir,/ˈklestɾiɾ/,nf.,soul
cli,/kli/,num.,seven
clichi,/ˈkliʧi/,nm.,glacier
clid,/klid/,v.,fold
clil,/klil/,nm.,lace
clima,/ˈklima/,v.,crash
clin,/klin/,adj.,fast; smart; intelligent; quick
clinis,/ˈklinis/,v.,cook (heat food); cook (prepare food)
clir,/kliɾ/,nm.,male
clis,/klis/,nf.,bill; check
clo,/klo/,num.,six
cloblo,/ˈkloblo/,nm.,stall; kiosk
clocsa,/ˈkloksa/,nm.,basement; cellar
clod,/klod/,v.,exploit
clodun,/ˈklodun/,adj.,stable; steady; calm; consistent
clolta,/ˈklolta/,nm.,continent
clor,/kloɾ/,nm.,raid
clos,/klos/,v.,affect
clospe,/ˈklospe/,v.,retreat
clotes,/ˈklotes/,v.,glide
clu,/klu/,nf.,bark (of tree)
clucrus,/ˈklukɾus/,v.,swallow; absorb
cludranstro,/kluˈdɾanstɾo/,nf.,license; patent
clul,/klul/,nf.,chalk
clumplan,/ˈklumplan/,v.,frown
clun,/klun/,num.,hundred
cluncrud,/ˈklunkɾud/,nm.,file; folder
clunid,/ˈklunid/,adj.,rigorous
cluntrad,/ˈkluntɾad/,adj.,skilled
clur,/kluɾ/,nm.,key
cluri,/ˈkluɾi/,nm.,belief; opinion
clurmu,/ˈkluɾmu/,nm.,ring
clus,/klus/,v.,rest; nap
co,/ko/,nm.,glass
co dros,/ko dɾos/,nm.,glasses
co fra,/ko fɾa/,nf.,lens
coal,/ˈkoal/,adj.,ripe
cocis,/ˈkokis/,v.,choke; gag
cod,/kod/,adj.,sudden; abrupt
cofe,/ˈkofe/,v.,capture; seize; kidnap
cogned,/ˈkogned/,nf.,bracelet
cojple,/ˈkoxple/,nm.,dome
col,/kol/,nm.,paste; cream; milk
colbi,/ˈkolbi/,v.,exclaim; proclaim
colso,/ˈkolso/,nm.,crisis; catastrophe
compru,/ˈkompɾu/,nf.,fiber
con,/kon/,nm.,island
congles,/ˈkongles/,nm.,throne
conon,/ˈkonon/,adj.,instant
cor,/koɾ/,conj.,even
corol,/ˈkorol/,v.,set up; prepare
cos,/kos/,v.,teach; instruct; educate; coach; explain; train
coscu,/ˈkosku/,v.,transcend
cosgros,/ˈkosgɾos/,nf.,credit (of money)
costru,/ˈkostɾu/,nf.,luggage; baggage
cra,/kɾa/,conj.,although; though
crabe,/ˈkɾabe/,nf.,premise
crad,/kɾad/,v.,explode; blow up; blast
crages,/ˈkɾaxes/,v.,harass
cral,/kɾal/,nm.,well
cran,/kɾan/,nf.,trousers; pants
cranbar,/ˈkɾanbaɾ/,v.,dangle
crañid,/ˈkɾaɲid/,nf.,scale (skin of reptiles)
crantu,/ˈkɾantu/,v.,scatter
crar,/kɾaɾ/,nm.,top; mountain
cras,/kɾas/,nm.,spell (of magic)
cre,/kɾe/,det.,this
cre,/kɾe/,pron.,this
cred,/kɾed/,v.,lay; fuck (slang)
credi,/ˈkɾedi/,nm.,dignity
cregre,/ˈkɾegɾe/,nf.,beam
crel,/kɾel/,v.,roast
crele,/ˈkɾele/,v.,haunt
cremben,/ˈkɾemben/,nm.,pen; pencil
crembo,/ˈkɾembo/,nm.,play (stage play)
cren,/kɾen/,nm.,person; human
creñachin,/kɾeˈɲaʧin/,v.,cling
crendos,/ˈkɾendos/,nf.,factory; mill
crenfur,/ˈkɾenfuɾ/,v.,gamble
crenmes,/ˈkɾenmes/,nf.,hub (center of activity)
crentre,/ˈkɾentɾe/,nf.,reversal
creñu,/ˈkɾeɲu/,nm.,total; sum; amount
crer,/kɾeɾ/,nm.,office
crera,/ˈkɾera/,nm.,tooth; beak
creru,/ˈkɾeɾu/,nm.,default
cres,/kɾes/,nm.,man; husband
cri,/kɾi/,nm.,sense
crid,/kɾid/,v.,crunch; chew
cril,/kɾil/,nm.,evening
crime,/ˈkɾime/,v.,collapse
crin,/kɾin/,adj.,red; purple
crincled,/ˈkɾinkled/,v.,spank; smack; snap
criñol,/ˈkɾiɲol/,nf.,dove
cripsa,/ˈkɾipsa/,nm.,chemical
crir,/kɾiɾ/,adj.,busy
crirdes,/ˈkɾiɾdes/,nm.,doctor
crirdes crera,/ˈkɾiɾdes ˈkɾera/,nf.,dentist
cris,/kɾis/,nf.,sky; heaven
cro,/kɾo/,v.,ask (inquire); ask (request)
cro,/kɾo/,nf.,question
crobu,/ˈkɾobu/,nm.,hatch
crocre,/ˈkɾokɾe/,adj.,whole; entire
crod,/kɾod/,nm.,baby; infant; toddler
crol,/kɾol/,nf.,wing; fin (of fish)
crolleda,/kɾoˈʎeda/,v.,blame
cromos,/ˈkɾomos/,v.,celebrate
cron,/kɾon/,v.,must; have to
cronclen,/ˈkɾonklen/,nm.,nephew
cror,/kɾoɾ/,nm.,vein
crorpra,/ˈkɾoɾpɾa/,v.,respond; reply
cros,/kɾos/,adj.,long
cru,/kɾu/,adj.,right; correct; appropriate; convenient
cruco,/ˈkɾuko/,adj.,fair; just
crud,/kɾud/,nm.,target; purpose; ambition
crudros,/ˈkɾudɾos/,nf.,protagonist
crulpa,/ˈkɾulpa/,v.,attach
crun,/kɾun/,nf.,horn
crunar,/ˈkɾunaɾ/,v.,thrust
crunfi,/ˈkɾunfi/,v.,paralyze
crus,/kɾus/,nm.,bedroom
crusu,/ˈkɾusu/,nm.,universe
cu,/ku/,v.,wait; stay; remain; expect; rely on; hope; anticipate
cua,/kwa/,nm.,half
cuacse,/ˈkwakse/,nf.,taxi; cab
cuad,/kwad/,adj.,hot (attractive)
cuae,/ˈkwae/,v.,date; go out
cuafe,/ˈkwafe/,nm.,rail
cuagre,/ˈkwagɾe/,v.,murmur; mumble
cuai,/ˈkwai/,nm.,tribe; kin
cuajtrer,/ˈkwaxtɾeɾ/,nf.,compass
cual,/kwal/,det.,that
cual,/kwal/,pron.,that
cuan,/kwan/,adv.,hardly
cuañel,/ˈkwaɲel/,adj.,loose
cuanes,/ˈkwanes/,nm.,compound
cuanma,/ˈkwanma/,adj.,premier
cuapsu,/ˈkwapsu/,adj.,pregnant
cuar,/kwaɾ/,v.,steal; rob
cuarfir,/ˈkwaɾfiɾ/,nm.,spur
cuarju,/ˈkwaɾxu/,nf.,color; hue
cuase,/ˈkwase/,v.,relax
cuasgu,/ˈkwasgu/,nm.,autumn
cuaspe,/ˈkwaspe/,prep.,onto
cuasus,/ˈkwasus/,v.,wipe
cucsal,/ˈkuksal/,nf.,pain; agony
cucsos,/ˈkuksos/,nf.,reef
cud,/kud/,v.,throw; toss; hurl; fling; cast; propel
cudad,/ˈkudad/,adj.,drunk (inebriated)
cue,/kwe/,adj.,other
cued,/kwed/,nf.,needle
cuedro,/ˈkwedɾo/,nm.,farm
cuel,/kwel/,v.,save; rescue; recover
cuello,/ˈkweʎo/,v.,support; reinforce; supplement
cuello,/ˈkweʎo/,nm.,support
cuelme,/ˈkwelme/,adj.,mean; rude; nasty
cuelod,/ˈkwelod/,v.,rub; stroke; spread
cuemi,/ˈkwemi/,nm.,laboratory
cuen,/kwen/,v.,write
cueño,/ˈkweɲo/,nf.,lecture; sermon
cuepon,/ˈkwepon/,nm.,embassy
cuer,/kweɾ/,nm.,father
cuerpe,/ˈkweɾpe/,nf.,span
cues,/kwes/,prep.,in; within
cuesla,/ˈkwesla/,nm.,chapel
cueto,/ˈkweto/,nm.,apple
cui,/kwi/,prep.,for (a period of time or length of distance)
cuicu,/ˈkwiku/,nm.,veteran
cuid,/kwid/,adv.,up
cuid,/kwid/,prep.,up
cuidese,/kwiˈdese/,v.,control
cuidra,/ˈkwidɾa/,nf.,pasta
cuien,/ˈkwien/,nm.,answer
cuigro,/ˈkwigɾo/,nm.,glory
cuijplal,/ˈkwixplal/,nm.,voice
cuil,/kwil/,nm.,stitch
cuilin,/ˈkwilin/,v.,forge
cuimprod,/ˈkwimpɾod/,nm.,customer; patron
cuin,/kwin/,nm.,acid
cuindrun,/ˈkwindɾun/,v.,scoop
cuinme,/ˈkwinme/,nm.,hat
cuipa,/ˈkwipa/,v.,ridicule; humiliate
cuir,/kwiɾ/,nm.,combat
cuiras,/ˈkwiɾas/,nm.,date
cuirme,/ˈkwiɾme/,nm.,biology
cuis,/kwis/,nm.,side; border; boundary; perimeter
cuismegnan,/kwisˈmegnan/,nm.,community
cujal,/ˈkuxal/,v.,pardon
cul,/kul/,nm.,bag; suitcase; baggage; equipment; packet
culdor,/ˈkuldoɾ/,v.,knock
cumbi,/ˈkumbi/,nm.,village; suburb
cumbid,/ˈkumbid/,nm.,urine
cunti,/ˈkunti/,v.,hop
cuo,/kwo/,nf.,country (rural area)
cuoblan,/ˈkwoblan/,nm.,puppy
cuocho,/ˈkwoʧo/,v.,impose
cuod,/kwod/,v.,thank; praise
cuomicen,/kwoˈmiken/,v.,import
cuon,/kwon/,nm.,sex
cuonfon,/ˈkwonfon/,nf.,dictator
cuoñirgon,/kwoˈɲiɾgon/,adj.,warm
cuonstra,/ˈkwonstɾa/,nm.,plaque
cuor,/kwoɾ/,v.,cause; induce
cuorjus,/ˈkwoɾxus/,nm.,hero; idol
cuortel,/ˈkwoɾtel/,nm.,prejudice
cuos,/kwos/,adv.,still
cuotrucui,/kwoˈtɾukwi/,nm.,kitten
cupso,/ˈkupso/,v.,audit; probe
cura,/ˈkura/,v.,rock (move back and forth); toss
curgel,/ˈkuɾxel/,nm.,academy
curmi,/ˈkuɾmi/,nm.,destiny; fate
curte,/ˈkuɾte/,v.,quit; give up
cus,/kus/,adv.,today; nowadays
cusen,/ˈkusen/,nm.,visit
cusijtre,/kuˈsixtɾe/,nf.,nurse
custe,/ˈkuste/,nf.,brothel
cutes,/ˈkutes/,nm.,hag (old woman)
da,/da/,v.,push; press; propel; shift
dachembe,/daˈʧembe/,nf.,sample
dacson,/ˈdakson/,v.,nod
dad,/dad/,v.,drink
dad,/dad/,nf.,drink
dado,/ˈdado/,v.,rape
dagnen,/ˈdagnen/,nf.,recipe
dal,/dal/,nf.,cloud
dan,/dan/,nf.,front; facade
danad,/ˈdanad/,nm.,granite
dandan,/ˈdandan/,adj.,backward
danme,/ˈdanme/,nm.,symbol
daor,/ˈdaoɾ/,adj.,deaf
dar,/daɾ/,nf.,tomb
darenso,/daˈrenso/,v.,depend; rely on
darjul,/ˈdaɾxul/,v.,float
darne,/ˈdaɾne/,v.,drag; draw; mark
darne bres,/ˈdaɾne bɾes/,nm.,fingerprint
darondro,/daˈɾondɾo/,nm.,composite; hybrid
dartal,/ˈdaɾtal/,nm.,oath
daru,/ˈdaɾu/,adj.,benign
das,/das/,v.,wear; put on
daslo,/ˈdaslo/,v.,hum
dastos,/ˈdastos/,nm.,canyon
de,/de/,v.,come; arrive; become (change into); get; reach; happen
de,/de/,pron.,we; us; ours
decho,/ˈdeʧo/,v.,stab; pierce
decsar,/ˈdeksaɾ/,nm.,mustache
ded,/ded/,adj.,difficult
dedejsad,/deˈdexsad/,nm.,hurricane
degis,/ˈdexis/,nm.,seat; chair; lounge; couch; sofa
degri,/ˈdegɾi/,v.,please; satisfy; indulge
dejpo,/ˈdexpo/,v.,complete
del,/del/,nm.,stage
dellin,/ˈdeʎin/,v.,heal; cure
deltu,/ˈdeltu/,nf.,legend; myth
dembid,/ˈdembid/,nm.,update
demplin,/ˈdemplin/,nf.,fear
den,/den/,nf.,group; gang; party; bundle
denar,/ˈdenaɾ/,nm.,stew
denclos,/ˈdenklos/,nm.,artery
dencras,/ˈdenkɾas/,nf.,air; gas; atmosphere; breeze; weather
dencri,/ˈdenkɾi/,v.,establish
dencu,/ˈdenku/,v.,admit; affirm
denguda,/denˈguda/,nf.,shovel
denmen,/ˈdenmen/,v.,swim
deno,/ˈdeno/,nf.,hangover
dentral,/ˈdentɾal/,nm.,alarm; siren
der,/deɾ/,v.,hate; resent
der,/deɾ/,nm.,hate
dera,/ˈdera/,v.,shine; seem; glow; radiate; blush
derdis,/ˈdeɾdis/,nm.,soap
dered,/ˈdeɾed/,v.,tangle
derel,/ˈdeɾel/,num.,seventeen
derfo,/ˈdeɾfo/,v.,jump; skip; skim
derpra,/ˈdeɾpɾa/,nf.,platform
des,/des/,adj.,late
desa,/ˈdesa/,nm.,cliff
desmo,/ˈdesmo/,nf.,lottery
desod,/ˈdesod/,nm.,trap; bait
despe,/ˈdespe/,nm.,architecture
despocte,/desˈpokte/,nm.,poison; venom
deteran,/deˈteɾan/,v.,spin; swirl
di,/di/,nf.,book; novel; fiction
di mengler,/di ˈmengleɾ/,nm.,notebook
dibjal,/ˈdibxal/,nm.,analogy
dibson,/ˈdibson/,nm.,structure; system
diced,/ˈdiked/,v.,correlate
dicuid,/ˈdikwid/,nm.,corn
did,/did/,v.,wander
digli,/ˈdigli/,nf.,heart
dijo,/ˈdixo/,nf.,tablet; slab
dil,/dil/,v.,try (test out); test
dilla,/ˈdiʎa/,nf.,fly
dillil,/ˈdiʎil/,adj.,lucky
dilon,/ˈdilon/,nf.,mass
dimitor,/diˈmitoɾ/,nf.,snack
dimprijples,/dimˈpɾixples/,v.,yank; tug; tow
din,/din/,conj.,but
dincas,/ˈdinkas/,nm.,vehicle
dinfa,/ˈdinfa/,nf.,palm (of hand)
dinglocrir,/dinˈglokɾiɾ/,nf.,wound; trauma; scar
dino,/ˈdino/,v.,smirk
dinsar,/ˈdinsaɾ/,adj.,humble; modest
dinsas,/ˈdinsas/,v.,combine
dipe,/ˈdipe/,nm.,pest
dipras,/ˈdipɾas/,adj.,tropical
dir,/diɾ/,nm.,corner
dirchos,/ˈdiɾʧos/,adv.,aboard
dirmo,/ˈdiɾmo/,nm.,saint
discun,/ˈdiskun/,v.,hover; hang
dise,/ˈdise/,v.,miss (not hit); miss (not take advantage of)
dised,/ˈdised/,nm.,referendum
dista,/ˈdista/,v.,suspect; estimate; assume; presume
do,/do/,v.,be (age)
dobrer,/ˈdobɾeɾ/,v.,crumble
docis,/ˈdokis/,nf.,pirate
docsar,/ˈdoksaɾ/,nm.,locker
docto,/ˈdokto/,v.,arouse
docues,/ˈdokwes/,nm.,property
dogi,/ˈdoxi/,v.,implement
dojso,/ˈdoxso/,adv.,ago
dol,/dol/,v.,fuck (slang)
dolpo,/ˈdolpo/,nm.,catalog
doltur,/ˈdoltuɾ/,nm.,grave
dome,/ˈdome/,adj.,dumb (speechless)
don,/don/,nm.,event (occurrence); incident
doncipe,/donˈkipe/,nm.,villain
dondan,/ˈdondan/,v.,convict
doni,/ˈdoni/,nf.,trivia
dopindo,/doˈpindo/,adj.,hollow
dor,/doɾ/,nf.,bathroom
dora,/ˈdoɾa/,adj.,soft; smooth; quiet; sleek
dorbu,/ˈdoɾbu/,nf.,authority
dorca,/ˈdoɾka/,v.,moan; sigh
dorda,/ˈdoɾda/,num.,first
doro,/ˈdoɾo/,nm.,journey; trip; voyage
dos,/dos/,num.,four
dosmepos,/dosˈmepos/,nf.,pillow; breast (slang)
dosos,/ˈdosos/,v.,dispose
dote,/ˈdote/,nf.,blur
doteblo,/doˈteblo/,nf.,cement
dotu,/ˈdotu/,adj.,delicious
drachur,/ˈdɾaʧuɾ/,v.,lick
dracuis,/ˈdɾakwis/,nm.,uncle
drad,/dɾad/,nm.,arsenal
dragu,/ˈdɾagu/,nf.,orbit
dral,/dɾal/,nm.,content
drallu,/ˈdɾaʎu/,v.,reserve
dralo,/ˈdɾalo/,v.,notify; inform; alert
dralsi,/ˈdɾalsi/,v.,brag
dramprusor,/dɾamˈpɾusoɾ/,nm.,carcass
dran,/dɾan/,nm.,sugar
drar,/dɾaɾ/,nm.,animal; beast; creature
drarsi,/ˈdɾaɾsi/,v.,embark
dras,/dɾas/,nf.,hook
drasci,/ˈdɾaski/,nm.,plague
drasos,/ˈdɾasos/,v.,crush; grind; squash
dre,/dɾe/,nf.,court (of law); tribunal
dred,/dɾed/,v.,compose
dredi,/ˈdɾedi/,prep.,versus
dregil,/ˈdɾexil/,v.,clarify
dregro,/ˈdɾegɾo/,nm.,clash
drel,/dɾel/,nm.,fur
drel cuon,/dɾel kwon/,nm.,pubic hair
dreme,/ˈdɾeme/,nf.,appliance; apparatus; fixture
dren,/dɾen/,nf.,race (competition); marathon
drena,/ˈdɾena/,adj.,huge
drenma,/ˈdɾenma/,v.,applaud; cheer; hail
drer,/dɾeɾ/,adj.,high; loud; noisy; tall
drerche,/ˈdɾeɾʧe/,v.,evoke; provoke
drerles,/ˈdɾeɾles/,nm.,riot
drero,/ˈdɾero/,v.,obey
dres,/dɾes/,nm.,camera
dresca,/ˈdɾeska/,nm.,tailor
dresgrud,/ˈdɾesgɾud/,adj.,selfish
dri,/dɾi/,adj.,firm
dridi,/ˈdɾidi/,nf.,pair
drigla,/ˈdɾigla/,v.,confess
drilu,/ˈdɾilu/,v.,amuse
drima,/ˈdɾima/,nm.,leverage
drin,/dɾin/,v.,close; shut; expire; block
drinso,/ˈdɾinso/,nm.,size
dripo,/ˈdɾipo/,v.,pave
drir,/dɾiɾ/,nf.,kid
dris,/dɾis/,nm.,second (time)
drise,/ˈdɾise/,nm.,parliament
dro,/dɾo/,nm.,family (children and parents); family (related by blood)
droblo,/ˈdɾoblo/,v.,fire (from job)
drod,/dɾod/,v.,donate
drofer,/ˈdɾofeɾ/,nm.,wealth
dron,/dɾon/,v.,respect
dror,/dɾoɾ/,adj.,vague
drorda,/ˈdɾoɾda/,nm.,party
drordo,/ˈdɾoɾdo/,nm.,elk
dros,/dɾos/,nm.,eye; eyeball
drotra,/ˈdɾotɾa/,nf.,clinic
dru,/dɾu/,adv.,down
dru,/dɾu/,prep.,down
drubsu,/ˈdɾubsu/,nm.,zoo
drud,/dɾud/,nm.,pump
drujplo,/ˈdɾuxplo/,v.,poise
drul,/dɾul/,nm.,record (written account); contract
drun,/dɾun/,v.,balance
drunced,/ˈdɾunked/,v.,post
druñen,/ˈdɾuɲen/,nm.,lock
drur,/dɾuɾ/,nf.,mosquito
drurdo,/ˈdɾuɾdo/,nf.,bitch
drurma,/ˈdɾuɾma/,adv.,then
drus,/dɾus/,v.,save (put aside)
druste,/ˈdɾuste/,nm.,committee
du,/du/,v.,give; let; allow; permit; donate; transfer; tolerate; indulge; contribute; supply; arm
du cuien,/du ˈkwien/,v.,answer
dubembru,/duˈbembɾu/,adj.,reluctant
dubsoltur,/dubˈsoltuɾ/,v.,sell
dubsoltur,/dubˈsoltuɾ/,nf.,sale
dud,/dud/,v.,abandon; desert
dul,/dul/,nf.,word; name; phrase; slogan
dullas,/ˈduʎas/,nf.,summary
dulpon,/ˈdulpon/,nm.,hell
dulturfe,/dulˈtuɾfe/,adj.,white
dumbus,/ˈdumbus/,nf.,fluke; accident
dun,/dun/,adv.,behind; back
duna,/ˈduna/,v.,possess
dunbur,/ˈdunbuɾ/,nm.,fuel
dunde,/ˈdunde/,v.,weep
duñe,/ˈduɲe/,nf.,waist; midriff
dungo,/ˈdungo/,nf.,trend
dupe,/ˈdupe/,nf.,ambassador
duptu,/ˈduptu/,v.,sink; drown
dur,/duɾ/,v.,hide
dur,/duɾ/,det.,your (pl)
durgo,/ˈduɾgo/,nm.,charity
durmus,/ˈduɾmus/,v.,buy; purchase; shop
durpus,/ˈduɾpus/,nm.,asteroid; comet
dus,/dus/,nm.,town; city
dusis,/ˈdusis/,v.,grow
duspoded,/dusˈpoded/,adj.,naked; nude; bald
duspol,/ˈduspol/,nm.,spasm
e,/e/,num.,nine
ea,/ˈea/,nf.,rifle
ealbe,/eˈalbe/,adv.,simply
ebalme,/eˈbalme/,nf.,chart
ebla,/ˈebla/,nm.,star; celebrity
eblo,/ˈeblo/,v.,sustain
eblus,/ˈeblus/,adv.,certainly
ebsondo,/ebˈsondo/,nm.,danger; hazard; trouble; threat
eche,/ˈeʧe/,nm.,sewage
echostar,/eˈʧostaɾ/,adv.,probably
eclin,/ˈeklin/,adv.,quickly
ecod,/ˈekod/,adv.,suddenly
ecton,/ˈekton/,nm.,dew
ed,/ed/,v.,do; make; create; induce; put (cause to be)
ed cuon,/ed kwon/,v.,have sex
eda,/ˈeda/,nm.,lettuce
edal,/ˈedal/,nf.,tongue; language; dialect; voice
eden,/ˈeden/,v.,tease
eder,/ˈedeɾ/,v.,warn; alert
edes,/ˈedes/,adv.,recently
edrin,/ˈedɾin/,nm.,army
eejor,/eˈexoɾ/,adv.,previously
eger,/ˈexeɾ/,nf.,head
eger,/ˈexeɾ/,nf.,leader
egnis,/ˈegnis/,v.,linger
egofal,/eˈgofal/,adv.,clearly
egrenmin,/eˈgɾenmin/,adj.,specific; definite; particular; distinct; unique
egujpes,/eˈguxpes/,adj.,equal; equivalent
eja,/ˈexa/,v.,confront; resist
ejor,/ˈexoɾ/,adj.,previous
ejpla,/ˈexpla/,nm.,appetite; lust
ejpus,/ˈexpus/,nm.,thief
el,/el/,v.,see; understand; realize; look; grasp; perceive; notice; envision; attend; stare; glare; study; detect
elbis,/ˈelbis/,v.,become (begin to be); become (change into)
elbol,/ˈelbol/,nm.,turmoil; frenzy; seizure
eldes,/ˈeldes/,adj.,swift
eldrel,/ˈeldɾel/,nm.,porch; veranda; terrace
elga,/ˈelga/,v.,bless
elles,/ˈeʎes/,nm.,compliment
ellor,/ˈeʎoɾ/,nf.,reception (of office or hotel)
elmi,/ˈelmi/,nm.,shell
elpe,/ˈelpe/,nm.,germ; bacteria
elpo,/ˈelpo/,v.,cuddle
elpus,/ˈelpus/,nm.,chord
elre,/ˈelɾe/,nf.,elf
elru,/ˈelɾu/,nf.,beer
elsil,/ˈelsil/,nm.,champion
elter,/ˈelteɾ/,interj.,welcome
emal,/ˈemal/,adv.,usually
embos,/ˈembos/,nm.,limb; branch (tree part)
embril,/ˈembɾil/,v.,trip; fall; stumble
embus,/ˈembus/,nm.,cabinet; drawer
empa,/ˈempa/,v.,pick
empar,/ˈempaɾ/,adj.,wild
emplu,/ˈemplu/,adj.,civilized
en,/en/,nf.,right; entitlement
en ilmonfur,/en ilˈmonfuɾ/,nf.,copyright
enber,/ˈenbeɾ/,nm.,vinegar
enbesce,/enˈbeske/,v.,freeze
encer,/ˈenkeɾ/,nm.,master; lord
enci,/ˈenki/,nf.,staple
enclud,/ˈenklud/,adj.,thick
encrin,/ˈenkɾin/,adj.,stiff; stubborn; sturdy
encro,/ˈenkɾo/,v.,sentence
endo,/ˈendo/,nm.,orgasm
enga,/ˈenga/,v.,inspire; influence; impress
engru,/ˈengɾu/,nf.,beetle
enid,/ˈenid/,adv.,especially
enme,/ˈenme/,adj.,clean
enme,/ˈenme/,v.,clean
ensod,/ˈensod/,adj.,accurate; specific; particular; valid
ente,/ˈente/,adj.,excellent; fantastic
entor,/ˈentoɾ/,nf.,saddle
entra,/ˈentɾa/,v.,inherit
entre,/ˈentɾe/,nm.,raft
eomamul,/ˌeoˈmamul/,adv.,finally
eplajpu,/eˈplaxpu/,adv.,exactly
epre,/ˈepɾe/,nf.,niece
epres,/ˈepɾes/,nf.,crystal
eproñe,/eˈpɾoɲe/,v.,graze (feed on)
er,/eɾ/,v.,let; allow (let); approve; certify
eran,/ˈeran/,nm.,belt; strap
erchi,/ˈeɾʧi/,v.,sip
erful,/ˈeɾful/,v.,deteriorate
ergurtan,/eɾˈguɾtan/,v.,assassinate
erid,/ˈeɾid/,nm.,lever; pedal; trigger
eril,/ˈeɾil/,nf.,ammunition
erjo,/ˈeɾxo/,num.,sixteen
ernis,/ˈeɾnis/,v.,comply; conform
ero,/ˈeɾo/,nm.,dirt; pornography
ero,/ˈero/,nm.,chime
eron,/ˈeɾon/,adj.,scarce
eror,/ˈeɾoɾ/,v.,permit; approve
eroscus,/eˈɾoskus/,nf.,pressure
erpril,/ˈeɾpɾil/,nf.,idea; concept; theme
erpror,/ˈeɾpɾoɾ/,nm.,spoon
erpu,/ˈeɾpu/,nf.,media
erteme,/eɾˈteme/,nm.,tattoo
es,/es/,nm.,back (of body); back (reverse side)
esad,/ˈesad/,nm.,charcoal
esas,/ˈesas/,v.,punish
eses,/ˈeses/,nf.,situation (circumstances; context)
esi,/ˈesi/,nf.,vanilla
esinas,/eˈsinas/,v.,patrol
eslol,/ˈeslol/,adj.,gross
espi,/ˈespi/,nm.,mold
esti,/ˈesti/,nm.,stalemate
estod,/ˈestod/,nm.,steel; iron
estro,/ˈestɾo/,nm.,shack
eta,/ˈeta/,nm.,ray (of light); radius
eto,/ˈeto/,v.,leave (let remain); let
etrod,/ˈetɾod/,v.,circulate; publish
etrur,/ˈetɾuɾ/,nf.,gadget
fa,/fa/,prep.,with (accompanied by); with (using)
fad,/fad/,nf.,basket
fafil,/ˈfafil/,nm.,meat
fain,/ˈfain/,adj.,favorite
fajpa,/ˈfaxpa/,v.,print
fajpa polgu,/ˈfaxpa ˈpolgu/,nf.,footprint
famirfi,/faˈmiɾfi/,v.,sneeze
fan,/fan/,adj.,last (only remaining)
fango,/ˈfango/,v.,illustrate; describe; manifest
fañus,/ˈfaɲus/,v.,assume; presume
fapsed,/ˈfapsed/,nf.,money
fapsu,/ˈfapsu/,adj.,crisp
far,/faɾ/,adv.,out
fartad,/ˈfaɾtad/,v.,defecate
fas,/fas/,nm.,goal (objective); purpose
fasca,/ˈfaska/,v.,introduce
fascri,/ˈfaskɾi/,v.,spoil
fased,/ˈfased/,adj.,awesome
fe,/fe/,det.,every
fed,/fed/,v.,trade
fejon,/ˈfexon/,v.,shove
fejpur,/ˈfexpuɾ/,nf.,bra
fel,/fel/,v.,accuse
felre,/ˈfelɾe/,nm.,horizon; panorama
fembi,/ˈfembi/,nf.,awe
femu,/ˈfemu/,adj.,recent
fen,/fen/,det.,no
fena,/ˈfena/,nf.,diary
fensa,/ˈfensa/,v.,offend
fer,/feɾ/,v.,work (have desired result); carry out
feren,/ˈfeɾen/,nm.,haven
ferjo,/ˈfeɾxo/,nm.,contact
ferse,/ˈfeɾse/,adj.,random
fes,/fes/,prep.,per; for each
fese,/ˈfese/,v.,curse
fi,/fi/,v.,consider; estimate; ponder; meditate; assume
fial,/ˈfial/,nm.,habitat
fid,/fid/,nm.,source; origin; resource
fil,/fil/,v.,smash; shatter
fintrud,/ˈfintɾud/,adj.,gray
fir,/fiɾ/,nf.,slave
firon,/ˈfiɾon/,v.,tread; step on
fis,/fis/,v.,travel
fiscun,/ˈfiskun/,nm.,destination
fiso,/ˈfiso/,nm.,closure
fla,/fla/,v.,fight
fla,/fla/,nm.,fight
flad,/flad/,v.,hire; rent; recruit
flal,/flal/,nm.,perfume
flalle,/ˈflaʎe/,nm.,blanket
flamo,/ˈflamo/,adj.,miniature
flan,/flan/,adj.,cold; cool (slightly cold)
flanan,/ˈflanan/,nm.,vampire
flantid,/ˈflantid/,nm.,plan; strategy (plan); tactic; program
flantid,/ˈflantid/,v.,plan
flar,/flaɾ/,v.,laugh; chuckle; giggle
flar,/flaɾ/,nm.,laugh
flarped,/ˈflaɾped/,nf.,lease
flas,/flas/,nm.,police
flaser,/ˈflaseɾ/,nf.,whisker
fle,/fle/,adj.,important
fleas,/ˈfleas/,nm.,constitution
fleblo,/ˈfleblo/,nf.,memento
fleboga,/fleˈboga/,nm.,lunch
fled,/fled/,v.,call (request the attendance of)
flel,/flel/,nm.,attitude
flelgos,/ˈflelgos/,adj.,frequent
flempamos,/flemˈpamos/,nf.,warrant
flen,/flen/,v.,prepare; assemble; train; rehearse; recite
fleñas,/ˈfleɲas/,nf.,current
flepi,/ˈflepi/,nm.,angle
fler,/fleɾ/,v.,feel (examine by touch)
flerde,/ˈfleɾde/,nf.,hierarchy
flerge,/ˈfleɾxe/,nm.,ally
flerpa,/ˈfleɾpa/,nm.,bat (club)
fletu,/ˈfletu/,v.,summon
fli,/fli/,adj.,good; excellent; wonderful; fabulous; terrific; superb; competent; great (excellent)
flice,/ˈflike/,nm.,fire
flicri,/ˈflikɾi/,nf.,foam
flicsober,/flikˈsobeɾ/,nf.,fang; tusk
flid,/flid/,adj.,sole; lone
flin,/flin/,nm.,spirit; essence
flir,/fliɾ/,v.,involve; entail
flis,/flis/,v.,screw
flisdi,/ˈflisdi/,adj.,pink
flo,/flo/,nf.,cave; hole; gap; void; crack; cleavage
flobos,/ˈflobos/,nm.,noise
flod,/flod/,adj.,thin (narrow)
flolrel,/ˈflolɾel/,pron.,everything
flome,/ˈflome/,v.,dub
flon,/flon/,nm.,nail
floñe,/ˈfloɲe/,nf.,hour
flor,/floɾ/,nm.,time; moment
flore,/ˈfloɾe/,adj.,spare
florsus,/ˈfloɾsus/,nf.,sea; ocean
flos,/flos/,nm.,glove
flosa,/ˈflosa/,nm.,case; event (occurrence); incident
flu,/flu/,prep.,about; concerning; regarding
flucues,/ˈflukwes/,nm.,petal
flud,/flud/,v.,adopt
flue,/ˈflue/,nf.,pocket
fluita,/fluˈita/,nf.,prototype
flul,/flul/,v.,bend
flun,/flun/,nf.,curtain
flur,/fluɾ/,v.,burn; ignite; light; simmer
flurmad,/ˈfluɾmad/,nm.,complex
flurpo,/ˈfluɾpo/,nf.,mouse
flus,/flus/,adj.,rare; funny
fluserches,/fluˈseɾʧes/,nf.,sentence
flusu,/ˈflusu/,nf.,morning
fo,/fo/,prep.,of
fochi,/ˈfoʧi/,v.,marry
focofe,/foˈkofe/,nf.,chicken; fowl; poultry
fod,/fod/,v.,defeat; beat
fod,/fod/,det.,your
fofe,/ˈfofe/,nf.,vagina
fofer,/ˈfofeɾ/,v.,eat
fojsel,/ˈfoxsel/,v.,command; dominate
fojtra,/ˈfoxtɾa/,num.,three
fol,/fol/,v.,visit; attend; show up
folgar,/ˈfolgaɾ/,adj.,parallel
fon,/fon/,v.,own
fonal,/ˈfonal/,nm.,festival
fontan,/ˈfontan/,v.,breed
for,/foɾ/,adj.,round
forbi,/ˈfoɾbi/,adv.,somewhat; fairly; pretty; quite
forda,/ˈfoɾda/,v.,feed
fos,/fos/,nm.,food; nutrition; cuisine
fose,/ˈfose/,nf.,spider
fra,/fɾa/,prep.,through
frabe,/ˈfɾabe/,v.,defy; confront
frad,/fɾad/,nm.,urge
fraglo,/ˈfɾaglo/,v.,shrug
frajpo,/ˈfɾaxpo/,nf.,oyster
fral,/fɾal/,v.,return; go back
fral,/fɾal/,nm.,return
frambre,/ˈfɾambɾe/,nm.,spy; scout
framil,/ˈfɾamil/,adj.,serious; sincere; severe; sober
franta,/ˈfɾanta/,nm.,gravity
frar,/fɾaɾ/,nf.,chance; odds; fluke
frarche,/ˈfɾaɾʧe/,v.,catch; intercept
fras,/fɾas/,nf.,effort
fratre,/ˈfɾatɾe/,nm.,strip; ribbon; tape
fre,/fɾe/,v.,work (function)
frebe,/ˈfɾebe/,v.,shuffle; shift
fred,/fɾed/,adj.,best
fredabge,/fɾeˈdabxe/,nm.,roof; ceiling; canopy
frel,/fɾel/,v.,spell
frelo,/ˈfɾelo/,nm.,galaxy
fren,/fɾen/,nf.,effect
frena,/ˈfɾena/,v.,shoot; fire (detonate weapon)
frer,/fɾeɾ/,interj.,no
frerga,/ˈfɾeɾga/,nf.,brush; brush (for hair)
fres,/fɾes/,nm.,bread
fres for,/fɾes foɾ/,nm.,biscuit
freste,/ˈfɾeste/,v.,shave; trim; skim; graze (touch)
fri,/fɾi/,nf.,condition (requirement; stipulation)
friche,/ˈfɾiʧe/,v.,hurt; injure; harm
fricuo,/ˈfɾikwo/,nm.,compost; fertilizer
frid,/fɾid/,nf.,edge; shore; border; boundary
frijplel,/ˈfɾixplel/,v.,inquire
fril,/fɾil/,adj.,moral
frin,/fɾin/,v.,deserve
frinca,/ˈfɾinka/,adj.,awkward
frir,/fɾiɾ/,nm.,goose
fris,/fɾis/,det.,few
friser,/ˈfɾiseɾ/,v.,shout; yell
fritos,/ˈfɾitos/,adj.,keen; eager
fro,/fɾo/,v.,believe
froble,/ˈfɾoble/,nf.,organism
frod,/fɾod/,v.,spend
fromar,/ˈfɾomaɾ/,nm.,flame
fron,/fɾon/,nf.,potato
fropti,/ˈfɾopti/,nm.,fatigue
frornesgon,/fɾoɾˈnesgon/,nm.,inn; lodge
frorpra,/ˈfɾoɾpɾa/,num.,twelve
frorton,/ˈfɾoɾton/,nf.,tea
fros,/fɾos/,nf.,path; track; road
frose,/ˈfɾose/,v.,bribe
fru,/fɾu/,v.,ask (invite)
frubi,/ˈfɾubi/,v.,struggle; wrestle
frud,/fɾud/,adv.,far
frues,/ˈfɾues/,nm.,surge
frufad,/ˈfɾufad/,nf.,stomach; gut
frugad,/ˈfɾugad/,nf.,criteria
frul,/fɾul/,nm.,arena; stadium
frun,/fɾun/,prep.,over
fruntes,/ˈfɾuntes/,nf.,heritage
frur,/fɾuɾ/,nm.,engine; motor
fruri,/ˈfɾuɾi/,nf.,calendar
frus,/fɾus/,nf.,capital (city)
fubri,/ˈfubɾi/,v.,suppress; inhibit; muffle
fuches,/ˈfuʧes/,nm.,tribute
fucu,/ˈfuku/,v.,cram; jam; squeeze; squash
fud,/fud/,adj.,gorgeous
fufi,/ˈfufi/,v.,promote; advocate
ful,/ful/,adv.,why
fulsid,/ˈfulsid/,nm.,medicine
fun,/fun/,v.,damage; impair
fun,/fun/,nf.,damage
fus,/fus/,adv.,off
fusdi,/ˈfusdi/,nm.,mind (thinking faculty); soul
fusin,/ˈfusin/,nm.,castle; palace
ga,/ga/,prep.,on
ga,/ga/,pron.,you; yours
gad,/gad/,adv.,least
gafar,/ˈgafaɾ/,nf.,discourse
gaja,/ˈgaxa/,nm.,salt; spice
gajas,/ˈgaxas/,nm.,scene; stage
gal,/gal/,nm.,item
galme,/ˈgalme/,v.,measure
galted,/ˈgalted/,nm.,cone
gambe,/ˈgambe/,nm.,tuna
gamoso,/gaˈmoso/,adj.,blunt
gan,/gan/,adj.,true; honest; pure; sincere; authentic; earnest; moral
gandol,/ˈgandol/,nm.,shit
gangle,/ˈgangle/,nm.,drum
ganir,/ˈganiɾ/,nm.,logo
gantre,/ˈgantɾe/,nf.,reservoir
gañu,/ˈgaɲu/,adj.,imminent; pending
gapsa,/ˈgapsa/,nf.,wedding
garar,/ˈgaɾaɾ/,v.,scratch
gartes,/ˈgaɾtes/,nm.,neighbor
gasi,/ˈgasi/,nm.,soup; broth
ge,/xe/,v.,live
ge,/xe/,nm.,life (living organism)
ge drar,/xe dɾaɾ/,nm.,wildlife
gebjoso,/xebˈxoso/,nf.,atom
gecte,/ˈxekte/,nf.,whiskey; liquor
gecti,/ˈxekti/,nf.,patient
ged,/xed/,nf.,toy
gedal,/ˈxedal/,adj.,compatible
gede,/ˈxede/,nm.,shelf; rack; ledge
gel,/xel/,nf.,balcony
gelcan,/ˈxelkan/,nf.,goat
gelra,/ˈxelɾa/,nf.,herb; flower
gelsirta,/xelˈsiɾta/,adj.,proud
gembi,/ˈxembi/,nf.,mouth; language; gate
gen,/xen/,nm.,race (ethnicity); ethnicity
gence,/ˈxenke/,nm.,theory; thesis
genda,/ˈxenda/,nm.,gauge
ger,/xeɾ/,nf.,membrane
gerche,/ˈxeɾʧe/,nf.,priority
gercon,/ˈxeɾkon/,nm.,attic
gernu,/ˈxeɾnu/,v.,ring
geron,/ˈxeɾon/,v.,wiggle
gerpro,/ˈxeɾpɾo/,nf.,passion
ges,/xes/,nm.,number; statistic
geste,/ˈxeste/,adj.,silly
geu,/ˈxeu/,adj.,fertile
gi,/xi/,nf.,queen
gichen,/ˈxiʧen/,nf.,message
gid,/xid/,nf.,figure
gige,/ˈxixe/,nm.,church; shrine
gignod,/ˈxignod/,v.,connect
gil,/xil/,nm.,state (province; country)
gin,/xin/,v.,study
gin,/xin/,nm.,study
ginma,/ˈxinma/,nm.,film
gir,/xiɾ/,nm.,stock
girca,/ˈxiɾka/,prep.,according to
girnar,/ˈxiɾnaɾ/,nf.,lion
girun,/ˈxiɾun/,nm.,bow (weapon)
gisi,/ˈxisi/,nm.,birth
gitu,/ˈxitu/,nm.,cabbage
go,/go/,prep.,into
god,/god/,nm.,parent
gofal,/ˈgofal/,adj.,clear; transparent
goltid,/ˈgoltid/,nm.,gallery (art); exhibit
gon,/gon/,v.,stress
gopsar,/ˈgopsaɾ/,nf.,pea
gopte,/ˈgopte/,v.,assign; allocate
gor,/goɾ/,nf.,priest
gos,/gos/,pron.,everyone
gosin,/ˈgosin/,nf.,score
gra,/gɾa/,nm.,price; fee; tariff
grablensir,/gɾaˈblensiɾ/,adj.,cultural
grabos,/ˈgɾabos/,adj.,national
grabrar,/ˈgɾabɾaɾ/,adj.,technological
gracren,/ˈgɾakɾen/,adj.,personal
gracurgel,/gɾaˈkuɾxel/,adj.,academic
grafulsid,/gɾaˈfulsid/,adj.,medical
gragembi,/gɾaˈxembi/,adj.,oral
gragrer,/ˈgɾagɾeɾ/,adj.,logical
gragriglu,/gɾaˈgɾiglu/,adj.,economic
gragruma,/gɾaˈgɾuma/,adj.,internal
grajpen,/ˈgɾaxpen/,v.,complement
gral,/gɾal/,num.,million
grallos,/ˈgɾaʎos/,adj.,religious
gramirla,/gɾaˈmiɾla/,adj.,natural
grapran,/ˈgɾapɾan/,adj.,political
gras,/gɾas/,v.,carry
grased,/ˈgɾased/,adj.,legal
gre,/gɾe/,v.,take; arrest; grab; seize; book; inhale; reap; grasp; clutch; grip; embrace; absorb; plow
grecuen,/ˈgɾekwen/,nm.,forest; jungle
gred,/gɾed/,v.,spit
grel,/gɾel/,nf.,custom; tradition; ritual
grelos,/ˈgɾelos/,nm.,space (beyond Earth)
gren,/gɾen/,adv.,yet
grena,/ˈgɾena/,v.,bang
grenses,/ˈgɾenses/,adj.,dark
grer,/gɾeɾ/,nm.,reason; logic; rationale
gres,/gɾes/,nf.,fin (of fish)
greu,/ˈgɾeu/,v.,monitor
gri,/gɾi/,nm.,south
grid,/gɾid/,nm.,berry
gridir,/ˈgɾidiɾ/,nf.,flavor
grifir,/ˈgɾifiɾ/,nm.,lobby
grigil,/ˈgɾixil/,nm.,literature; prose
griglu,/ˈgɾiglu/,nm.,economy
gril,/gɾil/,nm.,knife; blade
grilte,/ˈgɾilte/,nm.,crime
grin,/gɾin/,nm.,climate
grinde,/ˈgɾinde/,v.,seem; appear
grini,/ˈgɾini/,v.,mix; join
grinto,/ˈgɾinto/,nf.,chorus
griras,/ˈgɾiras/,nf.,receipt
gris,/gɾis/,nm.,choir
grise,/ˈgɾise/,v.,sniff; smell (sense with nose)
gro,/gɾo/,nf.,thought; concept; dream
grobru,/ˈgɾobɾu/,nm.,harvest
grocto,/ˈgɾokto/,nm.,ornament; accessory
grod,/gɾod/,v.,justify
groga,/ˈgɾoga/,v.,vary; differ
grol,/gɾol/,nm.,expert; specialist
grole,/ˈgɾole/,nm.,candy; vagina (slang)
gron,/gɾon/,v.,forgive; excuse
gronde,/ˈgɾonde/,nm.,research
gronfu,/ˈgɾonfu/,nm.,window
gror,/gɾoɾ/,v.,keep (store); store
grorge,/ˈgɾoɾxe/,nf.,cheek
grorpes,/ˈgɾoɾpes/,nf.,percent
gros,/gɾos/,adj.,young
groscre,/ˈgɾoskɾe/,nf.,idiot; fool
grosgre,/ˈgɾosgɾe/,nm.,filter
grucsi,/ˈgɾuksi/,nf.,chick (girl)
grud,/gɾud/,nm.,dust
gruju,/ˈgɾuxu/,adj.,formal
grul,/gɾul/,nm.,mathematics
grulli,/ˈgɾuʎi/,v.,dial
gruma,/ˈgɾuma/,adj.,interior
grumbo,/ˈgɾumbo/,v.,pose
grun,/gɾun/,prep.,between; among
grunllagro,/gɾunˈʎagɾo/,v.,interrupt
grupre,/ˈgɾupɾe/,nf.,carriage
grur,/gɾuɾ/,nm.,decade
grurju,/ˈgɾuɾxu/,nm.,homeland; motherland
grurjus,/ˈgɾuɾxus/,v.,drip
grurpra,/ˈgɾuɾpɾa/,nf.,drama
grurte,/ˈgɾuɾte/,nm.,zombie
grus,/gɾus/,nf.,nerve
gruscion,/gɾusˈkion/,adj.,funny
grusi,/ˈgɾusi/,nf.,hallway; corridor
gu,/gu/,nm.,day
gu,/gu/,det.,my
gu fonal,/gu ˈfonal/,nf.,holiday
gu silbas,/gu ˈsilbas/,nf.,yesterday
gubra,/ˈgubɾa/,v.,prefer; favor
gucha,/ˈguʧa/,nm.,partner
gucuor,/ˈgukwoɾ/,nm.,flag; banner
gud,/gud/,v.,abuse; torture
gul,/gul/,nf.,soil; dust; clay
gumos,/ˈgumos/,nm.,surgery
gus,/gus/,v.,kill; murder; execute; destroy
i,/i/,v.,can
ibe,/ˈibe/,v.,approach
iblo,/ˈiblo/,nm.,clause
ibo,/ˈibo/,nm.,pig; pork
ibro,/ˈibɾo/,v.,dive
ica,/ˈika/,nm.,sausage
icre,/ˈikɾe/,nf.,smoke; dust
icte,/ˈikte/,v.,protest; complain
id,/id/,adj.,even
idra,/ˈidɾa/,adj.,intimate
idro,/ˈidɾo/,prep.,throughout
idrun,/ˈidɾun/,nm.,disaster; catastrophe
idus,/ˈidus/,adj.,opposite
ifin,/ˈifin/,v.,translate
igi,/ˈixi/,v.,confine
igled,/ˈigled/,nm.,letter (of an alphabet)
iglel,/ˈiglel/,v.,touch; feel (sense by touch)
ignar,/ˈignaɾ/,adj.,ambiguous; elusive
ijpla,/ˈixpla/,v.,hiss
il,/il/,nf.,art
ildru,/ˈildɾu/,nm.,remedy
illoptu,/iˈʎoptu/,v.,discover
ilmodes,/ilˈmodes/,nf.,desert
ilmonfur,/ilˈmonfuɾ/,v.,copy; imitate; mimic; replicate
ilmu,/ˈilmu/,nm.,flour
iman,/ˈiman/,v.,prosecute
imer,/ˈimeɾ/,nm.,average
imir,/ˈimiɾ/,nm.,table; desk
imu,/ˈimu/,adj.,rude; crude; vulgar
in,/in/,v.,call (refer to by name)
ina,/ˈina/,v.,pollute; contaminate
inbis,/ˈinbis/,nm.,roster
incie,/inˈkie/,nf.,constellation
incra,/ˈinkɾa/,nm.,bureaucrat
increr,/ˈinkɾeɾ/,v.,affiliate
incri,/ˈinkɾi/,nm.,detail
indri,/ˈindɾi/,nf.,horse
indri ilmodes,/ˈindɾi ilˈmodes/,nm.,camel
infare,/inˈfare/,adj.,casual
inicul,/iˈnikul/,v.,complicate
iñile,/iˈɲile/,adj.,necessary
insa,/ˈinsa/,nf.,wood; pole; stake
insad,/ˈinsad/,nf.,scope
inso,/ˈinso/,adj.,sick; ill; unwell
intas,/ˈintas/,v.,seduce; lure; tempt
inus,/ˈinus/,adj.,flat
iñus,/ˈiɲus/,nm.,talent
ir,/iɾ/,v.,go; leave (depart)
ira,/ˈira/,nm.,pasture; prairie
irdid,/ˈiɾdid/,adj.,ready
irfid,/ˈiɾfid/,nf.,treasure
iri,/ˈiri/,adj.,awake; aware
irlon,/ˈiɾlon/,nf.,tenant
irma,/ˈiɾma/,nf.,fraud
irme,/ˈiɾme/,nf.,will
irmo,/ˈiɾmo/,nm.,stay
irsibesde,/ˌiɾsiˈbesde/,nm.,citadel
irto,/ˈiɾto/,nm.,soldier
irus,/ˈirus/,nm.,calf
is,/is/,det.,each
is,/is/,pron.,she; her; hers; it; its
iscro,/ˈiskɾo/,adj.,sorry
isgos,/ˈisgos/,nm.,skull
iso,/ˈiso/,nf.,massacre; genocide
isor,/ˈisoɾ/,nm.,rhetoric
ispil,/ˈispil/,nm.,parcel; package; bundle; packet
istal,/ˈistal/,nm.,bunker
istun,/ˈistun/,v.,retire
isur,/ˈisuɾ/,nm.,victim
itre,/ˈitɾe/,nf.,cartoon
itu,/ˈitu/,adj.,live
ja,/xa/,adv.,not
jacsego,/xakˈsego/,nm.,temperature
jad,/xad/,v.,follow
jaju,/ˈxaxu/,nf.,shoulder
jan,/xan/,v.,worry
jance,/ˈxanke/,nf.,usher
jances,/ˈxankes/,nf.,teenager; adolescent
japta,/ˈxapta/,v.,claim; allege
jar,/xaɾ/,v.,choose; select
jari,/ˈxaɾi/,v.,tumble
jarigre,/xaˈrigɾe/,nm.,census
jas,/xas/,v.,enhance
jasgri,/ˈxasgɾi/,v.,insure; assure; guarantee; vow
jaslor,/ˈxasloɾ/,nm.,class
jaslor bor,/ˈxasloɾ boɾ/,nm.,middle class
jaslor drer,/ˈxasloɾ dɾeɾ/,nf.,upper class
jaslor relto,/ˈxasloɾ ˈrelto/,nm.,lower class
jo,/xo/,nm.,door; gate
jod,/xod/,v.,learn
jogler,/ˈxogleɾ/,adj.,permanent
jojpli,/ˈxoxpli/,nf.,chaos
jol,/xol/,nf.,body
jole,/ˈxole/,nf.,revenge
jolgon,/ˈxolgon/,nm.,society
jolso,/ˈxolso/,nm.,dawn
jombrin,/ˈxombɾin/,nf.,tie
jon,/xon/,nm.,demographic
jonde,/ˈxonde/,nf.,concrete
jongla,/ˈxongla/,adj.,green
jonso,/ˈxonso/,nm.,speed
jorfa,/ˈxoɾfa/,nm.,lake; pond; pool
joro,/ˈxoɾo/,nm.,ethic; integrity
jos,/xos/,nm.,costume; garment
ju,/xu/,det.,same
jud,/xud/,nf.,region; territory; suburb
judrer,/ˈxudɾeɾ/,nf.,skin; crust; leather
jugi,/ˈxuxi/,nm.,bird
jugi yigir,/ˈxuxi ˈʎixiɾ/,nf.,owl
jul,/xul/,v.,hear
julu,/ˈxulu/,nm.,sweetheart
juntad,/ˈxuntad/,v.,vow; swear
junu,/ˈxunu/,nf.,temper
juptebra,/xupˈtebɾa/,nm.,pumpkin
jur,/xuɾ/,nm.,blade; razor
jurba,/ˈxuɾba/,adj.,jealous
jurdo,/ˈxuɾdo/,adj.,lazy
jurto,/ˈxuɾto/,v.,terminate
la,/la/,adj.,bad
labamu,/laˈbamu/,nf.,quality
labamu sud,/laˈbamu sud/,nf.,essence
lad,/lad/,v.,depart
lado,/ˈlado/,nm.,cotton; cloth; fabric; textile; linen
ladre,/ˈladɾe/,v.,interrogate
lal,/lal/,v.,test; analyze
lalpol,/ˈlalpol/,nf.,rubble; debris
lama,/ˈlama/,v.,nag
lamil,/ˈlamil/,nf.,accident; catastrophe
lan,/lan/,nm.,axe
lancu,/ˈlanku/,v.,manipulate
lanegne,/laˈnegne/,nm.,fashion
lanmas,/ˈlanmas/,v.,deposit
lansas,/ˈlansas/,v.,sweat
lape,/ˈlape/,nm.,muscle
lar,/laɾ/,nf.,pepper
larbe,/ˈlaɾbe/,v.,scare; frighten; startle
larbol,/ˈlaɾbol/,nf.,acronym
larmol,/ˈlaɾmol/,v.,cost
larmol,/ˈlaɾmol/,nm.,cost
laro,/ˈlaɾo/,v.,separate; divide; isolate; segregate
lartur,/ˈlaɾtuɾ/,v.,speculate; wonder
las,/las/,nf.,series
laslo,/ˈlaslo/,nf.,tragedy
laspol,/ˈlaspol/,adj.,triple
lasti,/ˈlasti/,nm.,snake
le,/le/,pron.,one
lebebsa,/leˈbebsa/,nm.,sibling
lecto,/ˈlekto/,nf.,bean
lecue,/ˈlekwe/,nf.,widow
led,/led/,nf.,organism
lede,/ˈlede/,nf.,code
legod,/ˈlegod/,nm.,tiger
lejsen,/ˈlexsen/,v.,sew
lel,/lel/,nf.,magic
leldriri,/lelˈdɾiɾi/,nf.,cult
lelra,/ˈlelɾa/,nm.,nut; seed; semen
lembro,/ˈlembɾo/,v.,recycle
lemor,/ˈlemoɾ/,nm.,pornography
len,/len/,adj.,common; generic
lenclu,/ˈlenklu/,nm.,cake
lencri,/ˈlenkɾi/,adv.,else
lendrar,/ˈlendɾaɾ/,adv.,etcetera
lepe,/ˈlepe/,nf.,grandmother
ler,/leɾ/,nf.,task
lere,/ˈleɾe/,v.,grunt
lerlo,/ˈleɾlo/,nm.,salad
les,/les/,prep.,across
lesi,/ˈlesi/,nm.,amateur
lesme,/ˈlesme/,nm.,confidence
leton,/ˈleton/,interj.,goodbye
letrar,/ˈletɾaɾ/,v.,promise; assure
leus,/ˈleus/,nf.,rebel; guerrilla
li,/li/,nm.,space (empty area); room (space)
lido,/ˈlido/,v.,notice; recognize
lied,/ˈlied/,nm.,fountain; oasis
ligu,/ˈligu/,nm.,divorce
lil,/lil/,nm.,show (performance); ceremony
lin,/lin/,adj.,wide; broad
lindun,/ˈlindun/,v.,splash
linterti,/linˈteɾti/,adj.,light (weight); easy
lir,/liɾ/,v.,ache
lis,/lis/,nf.,secret
lisdin,/ˈlisdin/,nf.,block; cube
lo,/lo/,adj.,big; great (very large); popular
lod,/lod/,nf.,justice
lol,/lol/,v.,dig; bore
lole,/ˈlole/,nf.,piano
lombe,/ˈlombe/,nm.,affection
lonfir,/ˈlonfiɾ/,nm.,picture; image; icon
lonis,/ˈlonis/,nm.,posture (bodily position)
lor,/loɾ/,nf.,comb
lore,/ˈloɾe/,v.,elaborate
lorge,/ˈloɾxe/,v.,testify
lorne,/ˈloɾne/,adj.,blind
lorpendo,/loɾˈpendo/,nm.,option
los,/los/,pron.,none
lu,/lu/,nm.,car
lud,/lud/,nm.,range; radius; extent
lugi,/ˈluxi/,adj.,fine (okay)
lugres,/ˈlugɾes/,v.,drive
lujsu,/ˈluxsu/,adv.,together
lul,/lul/,nf.,shame; stigma; guilt
lulle,/ˈluʎe/,nm.,pick
lullon,/ˈluʎon/,nm.,bruise
lun,/lun/,v.,show; demonstrate
lunbol,/ˈlunbol/,v.,resemble
lunes,/ˈlunes/,nm.,river; stream; creek; current
luptele,/lupˈtele/,nf.,woman; wife; mother
lur,/luɾ/,nm.,prey
lus,/lus/,adv.,when
lusa,/ˈlusa/,nf.,vacation
luscel,/ˈluskel/,nf.,canal; channel (of water)
lustra,/ˈlustɾa/,v.,scrutinize
ma,/ma/,nm.,war
mable,/ˈmable/,nm.,rose
mad,/mad/,v.,torture; oppress
magnor,/ˈmagnoɾ/,v.,organize; book
mal,/mal/,adj.,usual
malma,/ˈmalma/,v.,fail
mami,/ˈmami/,nm.,eclipse
mampad,/ˈmampad/,nm.,slope; slant; ramp; bank (river)
mamul,/ˈmamul/,v.,finish
mamul,/ˈmamul/,nm.,end
man,/man/,nf.,example
manbu,/ˈmanbu/,v.,praise; endorse
mancer,/ˈmankeɾ/,v.,assemble; compile
mancu,/ˈmanku/,nm.,lizard
mañid,/ˈmaɲid/,v.,deploy
mantas,/ˈmantas/,nf.,rib
manti,/ˈmanti/,v.,wink
mao,/ˈmao/,nm.,wool; fur
mapso,/ˈmapso/,v.,release; let go; let out
mas,/mas/,adj.,private
mase,/ˈmase/,adj.,manual
mases,/ˈmases/,nm.,gas
mastad,/ˈmastad/,adj.,neat
me,/me/,prep.,from
mebe,/ˈmebe/,nf.,topic; theme
meca,/ˈmeka/,nm.,pile; heap
mecue,/ˈmekwe/,nm.,tower
med,/med/,nf.,unit
meja,/ˈmexa/,v.,kiss
mel,/mel/,v.,should
meled,/ˈmeled/,v.,achieve; accomplish
men,/men/,prep.,by (using the means of); by (using a route)
menci,/ˈmenki/,v.,suck; inhale; extract
mencla,/ˈmenkla/,adv.,later
mencra,/ˈmenkɾa/,v.,supply; cater
mengler,/ˈmengleɾ/,nm.,note
menglin,/ˈmenglin/,nf.,resort; sanctuary
menstro,/ˈmenstɾo/,nf.,rat
mento,/ˈmento/,nf.,demon; monster; beast
menur,/ˈmenuɾ/,nm.,trouble; problem
meptis,/ˈmeptis/,nm.,paint
mer,/meɾ/,nm.,science
mer ebla,/meɾ ˈebla/,nf.,astronomy
mer fusdi,/meɾ ˈfusdi/,nm.,psychology
mere,/ˈmeɾe/,adj.,rugged
merlel,/ˈmeɾlel/,nm.,carrot
merta,/ˈmeɾta/,nm.,ceremony; ritual
mescro,/ˈmeskɾo/,v.,chop; slash
mesgra,/ˈmesgɾa/,nf.,wedge
mespe,/ˈmespe/,nm.,supervisor
metis,/ˈmetis/,nf.,rope; string; line; cord; thread
mi,/mi/,v.,start; begin
mi,/mi/,nm.,start; beginning
mial,/ˈmial/,v.,feign
mibla,/ˈmibla/,v.,refine
miblu,/ˈmiblu/,v.,investigate; inspect; examine; probe
mid,/mid/,nm.,glue
mil,/mil/,prep.,near
milla,/ˈmiʎa/,adj.,fuzzy
mille,/ˈmiʎe/,nf.,gum
milris,/ˈmilɾis/,nf.,crowd; audience
milu,/ˈmilu/,v.,bloom; blossom; flourish
min,/min/,nf.,chief; boss
mir,/miɾ/,nm.,career
miren,/ˈmiren/,adj.,angry; mad
mirla,/ˈmiɾla/,nf.,nature; environment (natural world)
mistes,/ˈmistes/,nf.,cannon; artillery
mo,/mo/,prep.,along
mobres,/ˈmobɾes/,nf.,stereotype
mocre,/ˈmokɾe/,nf.,ferry
mocsi,/ˈmoksi/,v.,collide
mod,/mod/,nf.,daughter
mol,/mol/,v.,sit
mole,/ˈmole/,v.,long (want for)
molli,/ˈmoʎi/,nf.,campaign
molmu,/ˈmolmu/,v.,recommend; advise; endorse
molur,/ˈmoluɾ/,nf.,passenger
mon,/mon/,nm.,product (item made)
monci,/ˈmonki/,adj.,innocent; wholesome
mondrar,/ˈmondɾaɾ/,nm.,backpack
mongro,/ˈmongɾo/,nf.,outline
monte,/ˈmonte/,nm.,clown
mopros,/ˈmopɾos/,v.,enter; penetrate
mor,/moɾ/,pron.,something
mordes,/ˈmoɾdes/,nm.,draft
mos,/mos/,adj.,temporary
moser,/ˈmoseɾ/,nm.,blasphemy; heresy
mosertal,/moˈseɾtal/,nm.,comfort
mu,/mu/,pron.,who
muben,/ˈmuben/,nm.,hawk
muble,/ˈmuble/,v.,hug; squeeze
mucte,/ˈmukte/,v.,negotiate
mujsed,/ˈmuxsed/,v.,plant
mul,/mul/,v.,settle
mun,/mun/,nm.,life (lifetime)
munme,/ˈmunme/,v.,avert; divert; distract
muntre,/ˈmuntɾe/,adj.,elite
muntro,/ˈmuntɾo/,nm.,tab
muptol,/ˈmuptol/,adj.,alone
mur,/muɾ/,adv.,also; as well
murar,/ˈmuɾaɾ/,v.,bounce
murchu,/ˈmuɾʧu/,nf.,spike; stake
murmun,/ˈmuɾmun/,nm.,bat (winged mammal)
mus,/mus/,v.,send; transfer
musen,/ˈmusen/,v.,expose; uncover
musta,/ˈmusta/,v.,persuade; seduce
na,/na/,adj.,tired (needing sleep); tired (needing rest)
nabijplir,/naˈbixpliɾ/,v.,bleed
nabinas,/naˈbinas/,v.,accompany
nabredes,/naˈbɾedes/,v.,criticize
nabri,/ˈnabɾi/,v.,sing
nabrimbo,/naˈbɾimbo/,v.,weigh
nabrulri,/naˈbɾulɾi/,v.,suggest
nache,/ˈnaʧe/,v.,doubt
nacher,/ˈnaʧeɾ/,v.,repeat; replicate
nacluri,/naˈkluɾi/,v.,believe
nacrentre,/naˈkɾentɾe/,v.,reverse
nad,/nad/,adj.,social
nadorbu,/naˈdoɾbu/,v.,authorize
nagnin,/ˈnagnin/,v.,bark
nagro,/ˈnagɾo/,v.,think
nagronde,/naˈgɾonde/,v.,research
nagror,/ˈnagɾoɾ/,nm.,metro
nal,/nal/,nf.,hair (of head); hair (of body)
nal dros,/nal dɾos/,nm.,eyelash
nalpu,/ˈnalpu/,nf.,propaganda
namolar,/naˈmolaɾ/,nm.,trailer
namon,/ˈnamon/,v.,produce
namplul,/ˈnamplul/,v.,populate
nan,/nan/,nm.,vase; urn
nandro,/ˈnandɾo/,v.,chase
nanel,/ˈnanel/,v.,rate
napempal,/naˈpempal/,v.,excite
nas,/nas/,nm.,boot
nasde,/ˈnasde/,adj.,holy; sacred
nasre,/ˈnasɾe/,v.,decide
nastral,/ˈnastɾal/,v.,infect
neblan,/ˈneblan/,v.,extinguish; put out
neblu,/ˈneblu/,v.,install
nebsad,/ˈnebsad/,v.,favor
nebsoma,/nebˈsoma/,adj.,absurd
nebsu,/ˈnebsu/,prep.,except; besides
nechu,/ˈneʧu/,nf.,tail
ned,/ned/,nm.,east
negel,/ˈnexel/,v.,volunteer; enlist
negri,/ˈnegɾi/,nm.,loser
nel,/nel/,nm.,rate; grade
nelgu,/ˈnelgu/,nf.,juice; fluid; liquid
nelmud,/ˈnelmud/,nm.,suit
neme,/ˈneme/,nm.,tribunal
nenbor,/ˈnenboɾ/,nm.,metropolis
nenselril,/nenˈselɾil/,nf.,accent (of language)
nenso,/ˈnenso/,v.,record; register
neo,/ˈneo/,nm.,limit; border; boundary
ner,/neɾ/,adj.,black
neremo,/neˈremo/,v.,guess; estimate; predict
neremo,/neˈremo/,nm.,guess
nerjo,/ˈneɾxo/,v.,compare; contrast
nermo,/ˈneɾmo/,nf.,violin
nes,/nes/,nm.,kind; type; breed
nese,/ˈnese/,nm.,moss
nespe,/ˈnespe/,nf.,cork
neter,/ˈneteɾ/,adj.,nervous; anxious
ni,/ni/,num.,five
nice,/ˈnike/,v.,emit; discharge; radiate
nicul,/ˈnikul/,adj.,complicated; complex
nid,/nid/,adj.,special; unique
niga,/ˈniga/,v.,scramble
nigre,/ˈnigɾe/,nf.,electricity
nil,/nil/,v.,apply
nimben,/ˈnimben/,nm.,devil
nimpis,/ˈnimpis/,nm.,ginger
niña,/ˈniɲa/,v.,disrupt; interrupt
nincas,/ˈninkas/,nm.,policy
nindru,/ˈnindɾu/,v.,turn
ningol,/ˈningol/,nf.,stool (seat)
niñu,/ˈniɲu/,nm.,jewel; gem
nir,/niɾ/,v.,find; detect
nirsa,/ˈniɾsa/,v.,lend; loan
nis,/nis/,nf.,winter
no,/no/,prep.,for (in favor of)
nobed,/ˈnobed/,nf.,bucket
noblar,/ˈnoblaɾ/,adj.,popular
node,/ˈnode/,nm.,guest; patron
nol,/nol/,nf.,light
nompre,/ˈnompɾe/,v.,ignore; neglect; overlook
non,/non/,nm.,broom
noncen,/ˈnonken/,v.,breathe
nontu,/ˈnontu/,nf.,foil
nopa,/ˈnopa/,v.,criticize
nopra,/ˈnopɾa/,nm.,foliage
noptun,/ˈnoptun/,nf.,post
nor,/noɾ/,nm.,document
nordi,/ˈnoɾdi/,nm.,emperor
norges,/ˈnoɾxes/,nf.,shirt; blouse
norges eran,/ˈnoɾxes ˈeran/,nm.,vest
norsen,/ˈnoɾsen/,nf.,graph; diagram
nos,/nos/,det.,both
nosmad,/ˈnosmad/,nm.,paradox
notri,/ˈnotɾi/,nm.,liberty
nu,/nu/,v.,create; found; establish
nuchur,/ˈnuʧuɾ/,nm.,port
nud,/nud/,nm.,job; task
nufa,/ˈnufa/,v.,dare
nugre,/ˈnugɾe/,v.,bid
nugus,/ˈnugus/,v.,access
nul,/nul/,nm.,apology
numbro,/ˈnumbɾo/,adj.,gay; homosexual
numple,/ˈnumple/,nf.,terror
nun,/nun/,nm.,staff; crew
nun,/nun/,pron.,they (masc); them (masc); theirs (masc)
nur,/nuɾ/,nm.,sword; blade
nurdad,/ˈnuɾdad/,nm.,bastard
nurne,/ˈnuɾne/,nm.,gravel
nururga,/nuˈɾuɾga/,nm.,ball
nus,/nus/,adj.,blue
o,/o/,v.,look; consider; glance
obges,/ˈobxes/,nm.,crusade
obres,/ˈobɾes/,v.,grow up; sprout
obsalled,/obˈsaʎed/,adj.,gradual
ocho,/ˈoʧo/,adj.,dead
ocis,/ˈokis/,nf.,pedestrian
ocsir,/ˈoksiɾ/,adj.,fragile
octor,/ˈoktoɾ/,v.,situate
ocuis,/ˈokwis/,nf.,rust
od,/od/,adv.,just
odan,/ˈodan/,nm.,butt
odista,/oˈdista/,adj.,suspicious
odra,/ˈodɾa/,nm.,pact
odu,/ˈodu/,nf.,snow
odu,/ˈodu/,v.,snow
oged,/ˈoxed/,nm.,grill; barbecue
ogo,/ˈogo/,nm.,fracture
ojpambro,/oxˈpambɾo/,v.,smuggle
ol,/ol/,v.,play (have fun)
oldal,/ˈoldal/,nf.,syrup
oldu,/ˈoldu/,nm.,education
ollagro,/oˈʎagɾo/,adj.,broken
olmod,/ˈolmod/,nm.,palace
olper,/ˈolpeɾ/,nm.,lesson
olpi,/ˈolpi/,v.,concentrate; focus
olpu,/ˈolpu/,nf.,mane
olsu,/ˈolsu/,nf.,puppet
omamul,/oˈmamul/,adj.,final
ombu,/ˈombu/,v.,enforce
omecuir,/oˈmekwiɾ/,v.,erode
omes,/ˈomes/,nm.,steam
omis,/ˈomis/,nf.,civilian
omon,/ˈomon/,nm.,thigh
ompe,/ˈompe/,nf.,basil
omplun,/ˈomplun/,v.,embarrass; humiliate
ompra,/ˈompɾa/,nm.,credit (recognition)
ompras,/ˈompɾas/,adj.,fake
ompro,/ˈompɾo/,v.,act; behave
on,/on/,nf.,land; ground; country (rural area)
onclol,/ˈonklol/,nf.,beauty
ondrur,/ˈondɾuɾ/,v.,rule; reign; dominate
oñe,/ˈoɲe/,v.,win
oñed,/ˈoɲed/,v.,shock; startle; stun
oñel,/ˈoɲel/,nm.,stick
onglo,/ˈonglo/,v.,inflict
onme,/ˈonme/,nm.,bully
onosmar,/oˈnosmaɾ/,v.,ruffle
onstru,/ˈonstɾu/,nm.,patriot
onted,/ˈonted/,adj.,smart; intelligent; clever
onten,/ˈonten/,nm.,guide
ontol,/ˈontol/,v.,intend
onu,/ˈonu/,v.,steer
ope,/ˈope/,v.,judge; choose
or,/oɾ/,v.,try (strive); strive
ore,/ˈoɾe/,nf.,letter (written document)
orfun,/ˈoɾfun/,nm.,souvenir
ori,/ˈoɾi/,nm.,coin; currency
orla,/ˈoɾla/,nm.,bow (decorative material)
oro,/ˈoro/,adj.,static; passive
orpre,/ˈoɾpɾe/,nm.,puzzle; mystery
orsi,/ˈoɾsi/,nm.,cupboard
ortes,/ˈoɾtes/,adj.,foreign
orti,/ˈoɾti/,v.,compromise
os,/os/,v.,tell; recite; describe; explain; mention; interpret
osas,/ˈosas/,v.,matter
oscrod,/ˈoskɾod/,adj.,rich; abundant; lush
osdad,/ˈosdad/,nf.,husband
osdardo,/osˈdaɾdo/,nf.,premiere
osgos,/ˈosgos/,v.,leak
osgrod,/ˈosgɾod/,v.,smell (emit odor); stink
oslalci,/oˈslalki/,v.,disturb
osler,/ˈosleɾ/,v.,incorporate
oslu,/ˈoslu/,nm.,athlete
osmu,/ˈosmu/,v.,scrub; polish; wash; refine
osped,/ˈosped/,nm.,belly
osta,/ˈosta/,v.,bow
ostrad,/ˈostɾad/,nf.,present (time)
ote,/ˈote/,v.,take apart; dismantle
otrir,/ˈotɾiɾ/,nm.,navy
pa,/pa/,num.,eight
pacin,/ˈpakin/,nm.,laundry
pad,/pad/,nm.,flower
padu,/ˈpadu/,nf.,mask; veil
pal,/pal/,v.,drain
paled,/ˈpaled/,nm.,flaw; defect; scar
pallan,/ˈpaʎan/,nm.,bicycle
pallognis,/paˈʎognis/,nf.,cherry
palrul,/ˈpalɾul/,adj.,lethal; fatal
pame,/ˈpame/,nm.,rodent
pan,/pan/,nm.,scissors
pantris,/ˈpantɾis/,nm.,gun; firearm
papre,/ˈpapɾe/,nm.,cuff
par,/paɾ/,nm.,casino
parbu,/ˈpaɾbu/,adj.,bankrupt; broke
parle,/ˈpaɾle/,v.,smell (sense with nose)
paru,/ˈpaɾu/,nf.,fan
pas,/pas/,nm.,road; street; avenue; trail; pavement
pasa,/ˈpasa/,v.,last; survive
pasgri,/ˈpasgɾi/,nm.,honey
pasler,/ˈpasleɾ/,nf.,parlor; salon
patir,/ˈpatiɾ/,adv.,tonight
paul,/ˈpaul/,nf.,fog; mist
paur,/ˈpauɾ/,nf.,emotion
pe,/pe/,nm.,part; portion
pebes,/ˈpebes/,adj.,only
peblis,/ˈpeblis/,nf.,web; net
pechas,/ˈpeʧas/,nf.,tense
pecre,/ˈpekɾe/,v.,argue; debate
pecuen,/ˈpekwen/,nf.,geography
ped,/ped/,v.,starve
ped,/ped/,det.,her
pefus,/ˈpefus/,v.,supervise
peger,/ˈpexeɾ/,prep.,like
pegle,/ˈpegle/,nf.,linguistics
peglel,/ˈpeglel/,v.,erupt
pejplu,/ˈpexplu/,nm.,bear
pel,/pel/,v.,may
peldi,/ˈpeldi/,nf.,miracle
pele,/ˈpele/,adj.,scared; afraid
pellas,/ˈpeʎas/,adj.,corrupt
pelpes,/ˈpelpes/,num.,third
pembro,/ˈpembɾo/,nf.,friction
pemes,/ˈpemes/,nm.,compassion; empathy; sympathy
pempal,/ˈpempal/,nf.,excitement
pen,/pen/,nf.,life (lifetime); life (soul)
penbon,/ˈpenbon/,adj.,fresh
pendro,/ˈpendɾo/,nm.,diaper
pengul,/ˈpengul/,nf.,toast
penmi,/ˈpenmi/,nm.,gold
pepi,/ˈpepi/,nf.,mound
peptu,/ˈpeptu/,v.,charge
per,/peɾ/,v.,stand; exist
pera,/ˈpeɾa/,adv.,once
pere,/ˈpeɾe/,nf.,ship
peren,/ˈpeɾen/,v.,provide
pergor,/ˈpeɾgoɾ/,nm.,vulture
pes,/pes/,adj.,similar
peser,/ˈpeseɾ/,adj.,ugly
pestoncle,/pesˈtonkle/,v.,demand
pestoncle,/pesˈtonkle/,v.,order
pestro,/ˈpestɾo/,adj.,cute
petarpan,/peˈtaɾpan/,nf.,hair (of body); fur
petrur,/ˈpetɾuɾ/,adj.,available
pi,/pi/,v.,have; must; have to; own; get; include
pibjos,/ˈpibxos/,v.,launch; cast; embark
pillen,/ˈpiʎen/,nf.,mattress
pilsa,/ˈpilsa/,nm.,layer
piltil,/ˈpiltil/,nm.,site; location; position (location)
pimbra,/ˈpimbɾa/,nf.,irony
pinas,/ˈpinas/,v.,massage
pinbun,/ˈpinbun/,nm.,array; spectrum
pincle,/ˈpinkle/,nf.,surface
pinfo,/ˈpinfo/,v.,growl
pino,/ˈpino/,v.,belong
pintu,/ˈpintu/,nm.,rabbit
pipe,/ˈpipe/,v.,fly
pirbad,/ˈpiɾbad/,nf.,vine
pircos,/ˈpiɾkos/,v.,pronounce; express
pirgo,/ˈpiɾgo/,nm.,expression (look on someone's face)
pis,/pis/,prep.,by (agent performing an action); by (author or creator)
pismo,/ˈpismo/,adj.,raw
pispir,/ˈpispiɾ/,adv.,barely; hardly
pistad,/ˈpistad/,nm.,hobby
pisti,/ˈpisti/,v.,improve
pitu,/ˈpitu/,v.,sneak; creep; lurk
pla,/pla/,v.,use; utilize; manipulate; employ
pla,/pla/,nm.,use
plaberos,/plaˈbeɾos/,nm.,slice; portion
plajpu,/ˈplaxpu/,adj.,exact; precise; definite
plal,/plal/,nf.,park
plambe,/ˈplambe/,nf.,manual
plambis,/ˈplambis/,nm.,nursery
plan,/plan/,nm.,helmet
planfo,/ˈplanfo/,v.,masturbate
plapsal,/ˈplapsal/,v.,surrender; give up
plapso,/ˈplapso/,prep.,including
plar,/plaɾ/,nm.,team; gang
plara,/ˈplaɾa/,adj.,coherent
plarden,/ˈplaɾden/,v.,skate
plares,/ˈplaɾes/,v.,fade; evaporate
plas,/plas/,v.,attack; assault
plasel,/ˈplasel/,adj.,sour
ple,/ple/,nm.,field
pled,/pled/,adj.,fun
pledor,/ˈpledoɾ/,nm.,lawn
plefir,/ˈplefiɾ/,nf.,ghost
plel,/plel/,adj.,tough; sturdy; robust; severe; intense
plembrod,/ˈplembɾod/,v.,confuse; distract
plempus,/ˈplempus/,nm.,north
plen,/plen/,num.,zero
plencopi,/plenˈkopi/,v.,insult; mock
plendumber,/plenˈdumbeɾ/,nm.,barrier
pleos,/ˈpleos/,nm.,pyramid
pler,/pleɾ/,nf.,leg; foot; lap
pler ibo,/pleɾ ˈibo/,nm.,ham
ples,/ples/,nf.,mother
plesgron,/ˈplesgɾon/,nf.,reptile
plesol,/ˈplesol/,nm.,crest
pli,/pli/,v.,set
pliche,/ˈpliʧe/,v.,exclude
plid,/plid/,nm.,verse
plife,/ˈplife/,nf.,article (text)
plil,/plil/,nf.,wind; breeze
plilus,/ˈplilus/,nf.,formula
plimbe,/ˈplimbe/,v.,invent
plin,/plin/,adj.,early
plir,/pliɾ/,v.,put (place); put on
plira,/ˈpliɾa/,nf.,budget
plis,/plis/,v.,meet; encounter
plo,/plo/,adj.,next
plocua,/ˈplokwa/,nm.,towel
plod,/plod/,nf.,bottle; jar
plofer,/ˈplofeɾ/,nf.,mafia; mob
plol,/plol/,nm.,instrument; equipment; device; apparatus; gadget; fixture
plombo,/ˈplombo/,v.,peer; squint
plon,/plon/,nf.,military
plonus,/ˈplonus/,nf.,mess; rubble; debris
plor,/ploɾ/,nm.,profit
plos,/plos/,v.,cough
plu,/plu/,pron.,you all; yours (pl)
pluir,/ˈpluiɾ/,adj.,cool (fashionable)
plul,/plul/,nm.,courtesy
plulbol,/ˈplulbol/,v.,register; book
plumal,/ˈplumal/,adj.,basic
plumen,/ˈplumen/,nm.,fish
plun,/plun/,v.,crumple
plunbos,/ˈplunbos/,v.,defend; secure; resist; prevent; intercept
plunto,/ˈplunto/,nf.,cylinder
plus,/plus/,nf.,child (young human being); child (son or daughter of any age)
plutol,/ˈplutol/,nf.,shelter; shield; apron
po,/po/,v.,hold
pobju,/ˈpobxu/,v.,beg; appeal
pocta,/ˈpokta/,nm.,interview
pod,/pod/,nm.,water; rain; shower; mirror
pod srus,/pod sɾus/,nm.,ice
pofo,/ˈpofo/,adj.,minor; mere; petty
poga,/ˈpoga/,nf.,dart
pogel,/ˈpoxel/,adj.,sharp; acute
pogro,/ˈpogɾo/,prep.,above
pogu,/ˈpogu/,nf.,intestine
pol,/pol/,adv.,most
poled,/ˈpoled/,nf.,spark
polgu,/ˈpolgu/,nm.,step (footstep)
pollel,/ˈpoʎel/,v.,irrigate
poltis,/ˈpoltis/,v.,meditate
pomis,/ˈpomis/,adj.,practical; pragmatic
pomu,/ˈpomu/,adj.,deep
pon,/pon/,nm.,cup; mug
pondan,/ˈpondan/,nf.,landlord
pondepu,/ponˈdepu/,nf.,fabric; textile
pone,/ˈpone/,nf.,seaweed
pontrar,/ˈpontɾaɾ/,nm.,metal
popre,/ˈpopɾe/,nm.,comment
por,/poɾ/,nf.,store; shop
porgis,/ˈpoɾxis/,adj.,volatile
pori,/ˈpori/,conj.,whether
pos,/pos/,prep.,to; towards
potarur,/poˈtaɾuɾ/,v.,surpass
potes,/ˈpotes/,v.,vote
potra,/ˈpotɾa/,v.,quote
pra,/pɾa/,num.,two
prade,/ˈpɾade/,nm.,arch; arc
pradu,/ˈpɾadu/,nm.,rug
praful,/ˈpɾaful/,nf.,diameter
pral,/pɾal/,nm.,mail
pran,/pɾan/,nm.,politics
prande,/ˈpɾande/,adj.,massive; enormous
prañed,/ˈpɾaɲed/,nm.,disease; flu
pras,/pɾas/,adj.,dry
prasmon,/ˈpɾasmon/,v.,devise; come up with
prater,/ˈpɾateɾ/,adj.,yellow; orange; brown
pre,/pɾe/,adv.,too; so; also; as well
prebse,/ˈpɾebse/,v.,discourage; inhibit; deter
prebso,/ˈpɾebso/,nm.,factor; variable
preche,/ˈpɾeʧe/,v.,compete
precimpled,/pɾeˈkimpled/,nm.,violence
pred,/pɾed/,v.,experience
pred,/pɾed/,nm.,experience
preglonti,/pɾeˈglonti/,nf.,shooting star
prejar,/ˈpɾexaɾ/,adj.,happy
prejpi,/ˈpɾexpi/,nm.,medium
prel,/pɾel/,nm.,box; crate
prema,/ˈpɾema/,nf.,bottom (lowest part); buttocks
prer,/pɾeɾ/,adj.,major
prere,/ˈpɾere/,nm.,mistress
prerfol,/ˈpɾeɾfol/,v.,qualify
prero,/ˈpɾeɾo/,v.,keep (not return)
pres,/pɾes/,v.,love
prese,/ˈpɾese/,v.,recognize; diagnose
pri,/pɾi/,prep.,out; outside
prid,/pɾid/,nf.,skeptic
pril,/pɾil/,nf.,lip
pril crin,/pɾil kɾin/,nm.,lipstick
primper,/ˈpɾimpeɾ/,nm.,romance
pringra,/ˈpɾingɾa/,adj.,vicious; cruel
prirce,/ˈpɾiɾke/,nm.,bargain; discount
prirlul,/ˈpɾiɾlul/,nm.,amount; quantity; volume
prirma,/ˈpɾiɾma/,v.,rotate; revolve
prirto,/ˈpɾiɾto/,nm.,candidate
pris,/pɾis/,nf.,city
pristamun,/pɾisˈtamun/,nf.,layout; diagram
pro,/pɾo/,nm.,brother
prod,/pɾod/,v.,turn on
prodon,/ˈpɾodon/,v.,deny; contradict; veto
progabse,/pɾoˈgabse/,nm.,tone; pitch
proged,/ˈpɾoxed/,nm.,treason
prognu,/ˈpɾognu/,num.,fifteen
prol,/pɾol/,nf.,dream; fantasy
prol,/pɾol/,v.,dream
pron,/pɾon/,v.,understand; comprehend
pronan,/ˈpɾonan/,nf.,orchard; plantation
prongo,/ˈpɾongo/,v.,spray
pror,/pɾoɾ/,nm.,drought
pros,/pɾos/,nm.,news
prose,/ˈpɾose/,nf.,music
prospa,/ˈpɾospa/,nm.,grid
protud,/ˈpɾotud/,nm.,tornado
pru,/pɾu/,nm.,house
pru di,/pɾu di/,nf.,library
pructu,/ˈpɾuktu/,det.,many
prudos,/ˈpɾudos/,v.,scrape
prugu,/ˈpɾugu/,adj.,significant
prujtra,/ˈpɾuxtɾa/,v.,regret; lament
prulsi,/ˈpɾulsi/,v.,owe
prumba,/ˈpɾumba/,v.,help; assist
prumpa,/ˈpɾumpa/,v.,groan; moan
prun,/pɾun/,nm.,route
prunes,/ˈpɾunes/,v.,frustrate
prur,/pɾuɾ/,conj.,while
prurta,/ˈpɾuɾta/,num.,fourteen
prus,/pɾus/,nf.,rule (law; regulation)
pu,/pu/,det.,which
pu,/pu/,pron.,which
publas,/ˈpublas/,v.,bond
pucera,/puˈkera/,nm.,egg
pud,/pud/,v.,bury
pujplo,/ˈpuxplo/,adj.,exempt
pul,/pul/,adv.,how
puled,/ˈpuled/,nm.,wrist; ankle
pumer,/ˈpumeɾ/,nm.,list
pumer fos,/ˈpumeɾ fos/,nf.,menu
pumple,/ˈpumple/,adj.,confidential
pumpor,/ˈpumpoɾ/,v.,sleep
pumpor,/ˈpumpoɾ/,nm.,sleep
pun,/pun/,conj.,since
punbas,/ˈpunbas/,adj.,cheap
punbol,/ˈpunbol/,v.,animate
punfe,/ˈpunfe/,v.,blink
punte,/ˈpunte/,nm.,prestige
puntes,/ˈpuntes/,nm.,sheet
pupsu,/ˈpupsu/,nm.,sauce
pur,/puɾ/,v.,exercise
purjol,/ˈpuɾxol/,nm.,colony
purmu,/ˈpuɾmu/,v.,multiply; reproduce; expand
pus,/pus/,nf.,course (direction of travel); direction (way)
pusgru,/ˈpusgɾu/,nf.,stand
pustro,/ˈpustɾo/,v.,crave; miss (long for)
pusul,/ˈpusul/,v.,lose
putre,/ˈputɾe/,nf.,paragraph
rablu,/ˈrablu/,nm.,fence
racuo,/ˈrakwo/,nf.,habit; ritual; bias
ragrid,/ˈragɾid/,nf.,pub; bar (pub)
rai,/ˈrai/,nm.,object
ral,/ral/,nm.,world; sphere; planet
ralda,/ˈralda/,v.,announce; proclaim; advertise; affirm
rallu,/ˈraʎu/,nm.,collar
ran,/ran/,v.,join; tie
ran,/ran/,nm.,joint
ran,/ran/,nf.,knot
ranmil,/ˈranmil/,nf.,umbrella
rarmi,/ˈraɾmi/,nf.,scar; crater; cavity
rarne,/ˈraɾne/,v.,replace
ras,/ras/,nm.,movement; motion
rasda,/ˈrasda/,nm.,burger
rased,/ˈrased/,nm.,intervention
rasespos,/raˈsespos/,num.,twenty
rasgul,/ˈrasgul/,v.,relieve; excuse
ratud,/ˈratud/,v.,reconcile
re,/re/,nf.,place; point; venue
re,/re/,v.,place
rebambedred,/ˌrebamˈbedɾed/,nf.,memory
rebed,/ˈrebed/,v.,impress
reber,/ˈrebeɾ/,nm.,character; persona
rebopon,/reˈbopon/,nf.,arrival
rebrorge,/reˈbɾoɾxe/,nm.,service
rebrorge,/reˈbɾoɾxe/,nm.,treatment
rebsondo,/rebˈsondo/,adj.,dangerous
rebuben,/reˈbuben/,nf.,emphasis
recho,/ˈreʧo/,nf.,death
recil,/ˈrekil/,nm.,noon; midday
recrorpra,/reˈkɾoɾpɾa/,nf.,response
recu,/ˈreku/,nf.,hope
recuidese,/ˌrekwiˈdese/,nm.,control
recuor,/ˈrekwoɾ/,nf.,cause
red,/red/,conj.,because
red,/red/,nf.,action (movement)
red grilte,/red ˈgɾilte/,nm.,felony
redegri,/reˈdegɾi/,nf.,pleasure
redos,/ˈredos/,nm.,pistol
redral,/ˈredɾal/,nm.,jersey; sweater
redrallu,/reˈdɾaʎu/,nf.,reservation
redu,/ˈredu/,nm.,permission
redusis,/reˈdusis/,nf.,growth
reflen,/ˈreflen/,nm.,preparation
regrinde,/reˈgɾinde/,nm.,appearance (act of appearing)
regus,/ˈregus/,nf.,destruction
rejar,/ˈrexaɾ/,nf.,choice
rejul,/ˈrexul/,nf.,hearing
rel,/rel/,v.,change; modify
rel,/rel/,nm.,change
rel,/rel/,nf.,perception
relal,/ˈrelal/,nm.,analysis
relal,/ˈrelal/,nf.,exam
relleno,/reˈʎeno/,nm.,division
relto,/ˈrelto/,adj.,short; low; brief
remalma,/reˈmalma/,nm.,failure
rembed,/ˈrembed/,nm.,grandfather
rembri,/ˈrembɾi/,adj.,amazing
remopros,/reˈmopɾos/,nm.,entrance
remul,/ˈremul/,nf.,settlement (village)
ren,/ren/,v.,listen
renacher,/reˈnaʧeɾ/,nf.,repetition
rencral,/ˈrenkɾal/,v.,disguise
repecre,/reˈpekɾe/,nm.,argument
reper,/ˈrepeɾ/,nm.,existence
repipe,/reˈpipe/,nm.,flight
replunbos,/reˈplunbos/,nf.,defense
represe,/reˈpɾese/,nf.,recognition
reprumba,/reˈpɾumba/,nm.,help
repusul,/reˈpusul/,nm.,loss
rer,/reɾ/,nf.,home
reralda,/reˈralda/,nm.,advertisement
rerar,/ˈreɾaɾ/,adv.,soon
rero,/ˈreɾo/,adj.,dirty
reron,/ˈreron/,nf.,value
rerorlon,/reˈroɾlon/,nm.,proof
res,/res/,det.,such
resenglol,/reˈsenglol/,nf.,protection
reserle,/reˈseɾle/,nm.,government
resgus,/ˈresgus/,adj.,sore
resisdo,/reˈsisdo/,nm.,reflection
resorde,/reˈsoɾde/,nm.,explanation
resore,/reˈsoɾe/,nm.,discussion
resran,/ˈresɾan/,nf.,agreement
restun,/ˈrestun/,nf.,pot
restun blumo,/ˈrestun ˈblumo/,nf.,cauldron
resubgid,/reˈsubxid/,nm.,conquest
retrod,/ˈretɾod/,nf.,circulation
ri,/ri/,v.,be (located)
riblan,/ˈriblan/,v.,weave
rid,/rid/,nm.,maze
ril,/ril/,nf.,public
rin,/rin/,adj.,straight
ringra,/ˈringɾa/,adj.,hungry
rir,/riɾ/,nf.,adult
rircu,/ˈriɾku/,adj.,successful
ris,/ris/,adv.,that
rite,/ˈrite/,nm.,mural
ro,/ro/,adv.,only; merely
rocti,/ˈrokti/,nf.,equipment; apparatus
rocua,/ˈrokwa/,v.,intimidate
rod,/rod/,nm.,powder
roge,/ˈroxe/,nm.,bullet
rol,/rol/,v.,hit; beat (strike); excel
rolgod,/ˈrolgod/,nm.,ink
rombir,/ˈrombiɾ/,nf.,almond
romis,/ˈromis/,nf.,claw
rompro,/ˈrompɾo/,nf.,behavior
ron,/ron/,v.,value
roncir,/ˈronkiɾ/,nf.,dragon
ronclol,/ˈronklol/,adj.,beautiful
roñe,/ˈroɲe/,nf.,victory
roni,/ˈroni/,nm.,specimen
ror,/roɾ/,det.,all
rorer,/ˈroreɾ/,nm.,liver
rorgol,/ˈroɾgol/,nf.,avenue
rorlon,/ˈroɾlon/,v.,check; examine; review; confirm; prove
ros,/ros/,num.,one
ros,/ros/,nf.,description
ru,/ru/,v.,cover
rubijplir,/ruˈbixpliɾ/,adj.,bloody
rubini,/ruˈbini/,adj.,central
rublas,/ˈrublas/,adj.,perfect
rublespe,/ruˈblespe/,adj.,bright
rubroctis,/ruˈbɾoktis/,adj.,friendly
rubsa,/ˈrubsa/,nm.,election
rucen,/ˈruken/,v.,graduate
rucenerna,/ˌrukeˈneɾna/,adj.,distant
ruchen,/ˈruʧen/,adj.,evident
ruchi,/ˈruʧi/,adj.,powerful
ruchi,/ˈruʧi/,adj.,strong
ruchoce,/ruˈʧoke/,adj.,buxom
rucucsal,/ruˈkuksal/,adj.,painful
rucuon,/ˈrukwon/,adj.,sexual
rucuon ju,/ˈrukwon xu/,nm.,homosexual
rud,/rud/,nm.,button (fastener for clothing)
rugi,/ˈruxi/,nm.,crab
rugrer,/ˈrugɾeɾ/,adj.,reasonable
rulanegne,/ˌrulaˈnegne/,adj.,fashionable
rularmol,/ruˈlaɾmol/,adj.,expensive
rulesme,/ruˈlesme/,adj.,confident
rullil,/ˈruʎil/,adj.,greedy
rumosertal,/ˌrumoˈseɾtal/,adj.,comfortable
run,/run/,adv.,very; really; pretty; quite; rather
rundre,/ˈrundɾe/,nf.,cow
runmes,/ˈrunmes/,adv.,never
runstre,/ˈrunstɾe/,adj.,risky
rupenmi,/ruˈpenmi/,adj.,golden
rupimbra,/ruˈpimbɾa/,adj.,ironic
ruplonus,/ruˈplonus/,adj.,messy
ruprecimpled,/ˌrupɾeˈkimpled/,adj.,violent
rupris,/ˈrupɾis/,adj.,urban
rupte,/ˈrupte/,v.,liberate
ruptes,/ˈruptes/,nm.,spice
rurpu,/ˈruɾpu/,v.,stroke
rursas,/ˈruɾsas/,nm.,erection
rurserfo,/ruɾˈseɾfo/,adv.,away
rusoben,/ruˈsoben/,adj.,sad
rusosta,/ruˈsosta/,adj.,furious
ruspa,/ˈruspa/,v.,wash; rinse
rusti,/ˈrusti/,nm.,trial
rutubjus,/ruˈtubxus/,adj.,guilty
sa,/sa/,adv.,always; all the time; forever
sa,/sa/,det.,their (fem)
saber,/ˈsabeɾ/,v.,sail; cruise; navigate
sabsad,/ˈsabsad/,nf.,loaf; cake
sacosmir,/saˈkosmiɾ/,adj.,arrogant
sactur,/ˈsaktuɾ/,adv.,however
sacu,/ˈsaku/,v.,clap
sacuelca,/saˈkwelka/,v.,brace
sad,/sad/,nf.,arm; hand
saden,/ˈsaden/,nf.,torso
safid,/ˈsafid/,nm.,eel
safor,/ˈsafoɾ/,v.,flirt
salces,/ˈsalkes/,nm.,twilight
salsel,/ˈsalsel/,nm.,kettle
samo,/ˈsamo/,v.,pinch
samplu,/ˈsamplu/,v.,open
sampri,/ˈsampɾi/,nm.,semen
samu,/ˈsamu/,nm.,impulse
samur,/ˈsamuɾ/,nm.,cynic
san,/san/,nm.,process; procedure
sañal,/ˈsaɲal/,v.,gasp; pant
sandre,/ˈsandɾe/,v.,exacerbate
sangre,/ˈsangɾe/,v.,fix; mend; repair; amend
sanis,/ˈsanis/,adj.,hard; difficult; solid; dense; sturdy; compact
sanso,/ˈsanso/,v.,bust
sansu,/ˈsansu/,nf.,sand; dust
santangras,/sanˈtangɾas/,v.,display; show off
sapecuo,/saˈpekwo/,v.,spawn
saprud,/ˈsapɾud/,nm.,trauma
sar,/saɾ/,nm.,present; gift
sarches,/ˈsaɾʧes/,nf.,mistake; error; defect
sargallur,/saɾˈgaʎuɾ/,v.,solve; figure out; deduce; calculate
sari,/ˈsaɾi/,v.,add; combine; inject; implant; embed
sarni,/ˈsaɾni/,v.,surround
sarte,/ˈsaɾte/,nf.,dagger
sascis,/ˈsaskis/,nf.,ass
sasguspu,/sasˈguspu/,nm.,spinach
sasu,/ˈsasu/,prep.,around
se,/se/,nm.,fat (component in food)
se,/se/,det.,their (masc)
sechos,/ˈseʧos/,nm.,hedge
secte,/ˈsekte/,nm.,loop; curl
secte bril,/ˈsekte bɾil/,nm.,earring
secui,/ˈsekwi/,nm.,dish; bowl; container; platter
sed,/sed/,nf.,law
sede,/ˈsede/,v.,tremble; shiver; vibrate
sedo,/ˈsedo/,nm.,embryo
sega,/ˈsega/,nm.,vocabulary; dictionary
sejtra,/ˈsextɾa/,nf.,siege
seju,/ˈsexu/,nf.,knight
sel,/sel/,adv.,about
selcafi,/selˈkafi/,nf.,chasm
sele,/ˈsele/,nf.,bell
selema,/seˈlema/,v.,march
selen,/ˈselen/,pron.,everybody
sema,/ˈsema/,adj.,skinny
semped,/ˈsemped/,nm.,corpse
sempen,/ˈsempen/,nf.,brass
sen,/sen/,adv.,either
senbud,/ˈsenbud/,nf.,mission
senca,/ˈsenka/,nf.,torch; lamp
senca ya,/ˈsenka ʎa/,nm.,candle
sencla,/ˈsenkla/,nm.,survey
senclo,/ˈsenklo/,v.,revise; amend
sendri,/ˈsendɾi/,nm.,memoir
senfe,/ˈsenfe/,nf.,uniform
senglol,/ˈsenglol/,v.,protect
senmir,/ˈsenmiɾ/,adv.,therefore; thus
señu,/ˈseɲu/,nm.,coincidence
seo,/ˈseo/,nm.,motif
seprol,/ˈsepɾol/,v.,cooperate; collaborate
sepson,/ˈsepson/,nf.,plug
ser,/seɾ/,v.,would
seralti,/seˈralti/,v.,worship
serchi,/ˈseɾʧi/,v.,panic
serde,/ˈseɾde/,adj.,external
sergin,/ˈseɾxin/,v.,focus; aim
serle,/ˈseɾle/,v.,govern; reign
sernul,/ˈseɾnul/,nm.,sketch
sersa,/ˈseɾsa/,nf.,sock
ses,/ses/,adj.,healthy
sesos,/ˈsesos/,nf.,descendant
sespe,/ˈsespe/,nf.,station (railroad; bus)
setrer,/ˈsetɾeɾ/,nm.,dam
setri,/ˈsetɾi/,adj.,calm
si,/si/,v.,keep (save; retain); save
sibe,/ˈsibe/,adj.,classic
sibis,/ˈsibis/,nm.,virgin
siblil,/ˈsiblil/,v.,attract; seduce; charm; fascinate
sicen,/ˈsiken/,v.,huddle
sictagel,/sikˈtaxel/,adj.,aroused (sexually)
sid,/sid/,conj.,that
sidra,/ˈsidɾa/,nm.,strawberry
siga,/ˈsiga/,nf.,chapter
signos,/ˈsignos/,nm.,bay; cove
sigrel,/ˈsigɾel/,nm.,ancestor; forefather
sil,/sil/,adj.,small; little
silad,/ˈsilad/,adj.,exotic
silbas,/ˈsilbas/,adj.,past
silco,/ˈsilko/,nf.,proverb
silrin,/ˈsilɾin/,v.,soak; saturate; marinate
sin,/sin/,nm.,night
sin bor,/sin boɾ/,nf.,midnight
sinto,/ˈsinto/,adj.,stupid; dumb; dull; silly; dim
sinus,/ˈsinus/,v.,deliver
siproston,/siˈpɾoston/,nm.,tool
sir,/siɾ/,nm.,future
sirbas,/ˈsiɾbas/,nm.,volcano
sirbes,/ˈsiɾbes/,nm.,wire; thread
sirderdo,/siɾˈdeɾdo/,nf.,resident; citizen
sirted,/ˈsiɾted/,nf.,circus
sis,/sis/,nm.,god
sisce,/ˈsiske/,nf.,gender
siscu,/ˈsisku/,adj.,elegant
sisdo,/ˈsisdo/,v.,reflect
site,/ˈsite/,nm.,theater; stage; arena
so,/so/,v.,work (be employed); work (toil)
so,/so/,nf.,work
soben,/ˈsoben/,nm.,sadness; sorrow
sobsas,/ˈsobsas/,nm.,match (game); contest
soctor,/ˈsoktoɾ/,v.,pat
sod,/sod/,nm.,member
sodad,/ˈsodad/,adj.,curious
sodecra,/soˈdekɾa/,nf.,cigarette; cigar
sojsepe,/soxˈsepe/,v.,bite
sol,/sol/,v.,manage
solca,/ˈsolka/,nm.,fuse
solga,/ˈsolga/,v.,stick
sollu,/ˈsoʎu/,nm.,train
solsol,/ˈsolsol/,nf.,mammal
somplol,/ˈsomplol/,adj.,tense
son,/son/,adj.,wrong
sondru,/ˈsondɾu/,v.,melt; dissolve; fade
soñepi,/soˈɲepi/,adj.,gentle
sonsad,/ˈsonsad/,nm.,dusk
sopo,/ˈsopo/,v.,encourage
sor,/soɾ/,v.,cross
sorchod,/ˈsoɾʧod/,nm.,bureaucracy
sorde,/ˈsoɾde/,v.,explain; excuse; vindicate; describe
sorde,/ˈsoɾde/,nf.,excuse
sordi,/ˈsoɾdi/,adj.,extinct
sore,/ˈsoɾe/,v.,discuss; consult
sore,/ˈsore/,nm.,traffic
sorfas,/ˈsoɾfas/,nf.,knob
sori,/ˈsori/,nf.,peninsula
sorma,/ˈsoɾma/,v.,surprise; astonish; startle
sormer,/ˈsoɾmeɾ/,nm.,voucher
sormi,/ˈsoɾmi/,adj.,attractive
sorpar,/ˈsoɾpaɾ/,nm.,lesbian
sorsud,/ˈsoɾsud/,adj.,silent
sos,/sos/,nm.,piece; item; segment
sose,/ˈsose/,nf.,millennium
soser,/ˈsoseɾ/,nf.,map
sosilbe,/soˈsilbe/,adj.,full
soso,/ˈsoso/,nf.,clothes; clothing; garment
soso sil,/ˈsoso sil/,nf.,underwear
sospicran,/sosˈpikɾan/,nm.,sign; signal
sospicran pod,/sosˈpikɾan pod/,nm.,rainbow
sosta,/ˈsosta/,nm.,fury
sotur,/ˈsotuɾ/,v.,boil; simmer
sotus,/ˈsotus/,adv.,tomorrow
sra,/sɾa/,nf.,floor; bottom (lowest part); platform
sracro,/ˈsɾakɾo/,adj.,precious
srad,/sɾad/,nm.,schedule; roster
sral,/sɾal/,v.,fill
sraldi,/ˈsɾaldi/,nf.,aunt
srama,/ˈsɾama/,adj.,poor
sramon,/ˈsɾamon/,nm.,lid
sramon dros,/ˈsɾamon dɾos/,nf.,eyelid
sran,/sɾan/,v.,agree
srar,/sɾaɾ/,v.,cut; shave
sras,/sɾas/,nm.,student
srascid,/ˈsɾaskid/,adj.,sweet; delicious
srastre,/ˈsɾastɾe/,adj.,evil
sre,/sɾe/,nm.,decision
srechan,/ˈsɾeʧan/,v.,waste
srechu,/ˈsɾeʧu/,nf.,twin
srecuol,/ˈsɾekwol/,nm.,boat
sred,/sɾed/,nf.,screw
srel,/sɾel/,pron.,nothing
srema,/ˈsɾema/,num.,billion
srempu,/ˈsɾempu/,adj.,general; generic
sremu,/ˈsɾemu/,nf.,pastry
sren,/sɾen/,adj.,physical; tangible
srenda,/ˈsɾenda/,nm.,giant
sreñe,/ˈsɾeɲe/,v.,oblige; put (cause to be)
sreñen,/ˈsɾeɲen/,nm.,abdomen
srepi,/ˈsɾepi/,nm.,screen
srer,/sɾeɾ/,nf.,elbow
sreri,/ˈsɾeri/,adj.,obscure
srerol,/ˈsɾeɾol/,v.,comprehend; fathom
srerpra,/ˈsɾeɾpɾa/,v.,wind
sres,/sɾes/,adv.,maybe; perhaps
sresgrul,/ˈsɾesgɾul/,nm.,bubble
sresla,/ˈsɾesla/,nm.,double
sri,/sɾi/,v.,like; enjoy
srid,/sɾid/,adj.,left
srijo,/ˈsɾixo/,nf.,peasant
sril,/sɾil/,v.,violate; assault
srille,/ˈsɾiʎe/,nm.,clay
srimpi,/ˈsɾimpi/,v.,borrow; hire; rent
sripan,/ˈsɾipan/,v.,topple
sripu,/ˈsɾipu/,nm.,security
srir,/sɾiɾ/,prep.,upon
srirjan,/ˈsɾiɾxan/,nm.,lightning
sris,/sɾis/,nm.,poem; lyrics
sristud,/ˈsɾistud/,nm.,heaven; paradise
sro,/sɾo/,adj.,large; huge
srobli,/ˈsɾobli/,adj.,possible; plausible
srod,/sɾod/,nm.,excrement; sewage
srogid,/ˈsɾoxid/,v.,lean; tilt; bow (greet)
srolra,/ˈsɾolɾa/,nm.,look; appearance (looks)
srolsus,/ˈsɾolsus/,adj.,wise
sron,/sɾon/,nf.,cousin
sroña,/ˈsɾoɲa/,v.,build; construct; erect; manufacture; mold
sronbon,/ˈsɾonbon/,v.,arrange
sronmerden,/sɾonˈmeɾden/,nm.,diet
sror,/sɾoɾ/,nm.,weapon
srorto,/ˈsɾoɾto/,nm.,king
sros,/sɾos/,prep.,against
sru,/sɾu/,v.,get; obtain; possess; acquire
sruce,/ˈsɾuke/,nf.,trade
srucho,/ˈsɾuʧo/,v.,trust
srujo,/ˈsɾuxo/,v.,stir; stoke
srun,/sɾun/,nm.,canoe
srur,/sɾuɾ/,nm.,spear; lance; pike
sruren,/ˈsɾuɾen/,nf.,dump
srus,/sɾus/,nf.,rock; stone; mountain
srusgudro,/sɾusˈgudɾo/,v.,evolve
su,/su/,adv.,almost
su,/su/,det.,his
subgid,/ˈsubxid/,v.,conquer
sucir,/ˈsukiɾ/,v.,advance
sud,/sud/,adj.,real; authentic
sudral,/ˈsudɾal/,nf.,fan (enthusiast)
sujtrotron,/suxˈtɾotɾon/,v.,complain
sul,/sul/,nm.,sap
suldal,/ˈsuldal/,v.,invade
suldi,/ˈsuldi/,v.,attend; show up
sule,/ˈsule/,v.,roll; revolve; rotate
suli,/ˈsuli/,nm.,niche
sumbo,/ˈsumbo/,v.,snatch
sumbos,/ˈsumbos/,nm.,afternoon
sumpis,/ˈsumpis/,adj.,medium
sun,/sun/,nm.,silk
sunclon,/ˈsunklon/,v.,pull
sunda,/ˈsunda/,nm.,fairy
sunfas,/ˈsunfas/,v.,sway; convince
sunsul,/ˈsunsul/,v.,invite
suntro,/ˈsuntɾo/,v.,care
suntro,/ˈsuntɾo/,nm.,care
sur,/suɾ/,adj.,loud; noisy
surbi,/ˈsuɾbi/,v.,mean (signify); imply
surfus,/ˈsuɾfus/,nf.,dash
surmu,/ˈsuɾmu/,v.,walk
surnes,/ˈsuɾnes/,v.,punch
suro,/ˈsuro/,nm.,fact
suro,/ˈsuɾo/,v.,convert
sus,/sus/,nf.,nose; beak; point; nostril
suserne,/suˈseɾne/,adj.,native
susgre,/ˈsusgɾe/,nf.,frog
susgre elmi,/ˈsusgɾe ˈelmi/,nf.,turtle
ta,/ta/,prep.,for (the purpose of)
tacha,/ˈtaʧa/,nm.,butter
tad,/tad/,nf.,result; outcome
tadu,/ˈtadu/,nf.,cathedral
tager,/ˈtaxeɾ/,adj.,rough
tajso,/ˈtaxso/,v.,obsess
tal,/tal/,v.,pay
talbu,/ˈtalbu/,nm.,coral
talel,/ˈtalel/,nm.,tide
tan,/tan/,nm.,silver
tanin,/ˈtanin/,nm.,column; pillar
tapin,/ˈtapin/,nm.,log
tar,/taɾ/,prep.,without
tare,/ˈtaɾe/,v.,exaggerate
tarme,/ˈtaɾme/,adj.,reverse
tarpre,/ˈtaɾpɾe/,nf.,herd; flock
tasgrur,/ˈtasgɾuɾ/,nf.,servant; waiter
te,/te/,nm.,couple
tebrer,/ˈtebɾeɾ/,v.,desire
ted,/ted/,nm.,moon
tedid,/ˈtedid/,nm.,wage; salary
tedu,/ˈtedu/,nf.,game; sport
tejol,/ˈtexol/,nf.,shrine
tejpe,/ˈtexpe/,nm.,dinner
tel,/tel/,v.,shake; rattle; shudder; shiver
tel cled,/tel kled/,nm.,earthquake
tempro,/ˈtempɾo/,nm.,barrel
ten,/ten/,conj.,if; when
tena,/ˈtena/,v.,erase
tenen,/ˈtenen/,adj.,extreme; intense; radical
tenme,/ˈtenme/,nm.,exhibit
tenter,/ˈtenteɾ/,nf.,funeral
teo,/ˈteo/,v.,stain
ter,/teɾ/,adv.,ever
terches,/ˈteɾʧes/,v.,flick
termos,/ˈteɾmos/,nf.,plane
terpa,/ˈteɾpa/,v.,inhabit
tes,/tes/,nm.,way; manner; course (direction of travel)
tesga,/ˈtesga/,nf.,armpit
tesi,/ˈtesi/,nm.,revolution
ti,/ti/,adv.,here
tibar,/ˈtibaɾ/,adj.,sophisticated; intricate
tid,/tid/,v.,satisfy; convince
tidi,/ˈtidi/,v.,spread
tinsen,/ˈtinsen/,v.,admire; worship
tir,/tiɾ/,det.,whose
tirlil,/ˈtiɾlil/,nm.,minute
tirso,/ˈtiɾso/,nm.,enemy
tirsus,/ˈtiɾsus/,nf.,camp
tis,/tis/,prep.,at
tise,/ˈtise/,adj.,mature; sophisticated
tispin,/ˈtispin/,adj.,handsome
to,/to/,nf.,thing
to blal,/to blal/,nf.,junk
tobu,/ˈtobu/,v.,distinguish; discriminate
tochasar,/toˈʧasaɾ/,nm.,heel
tocrur,/ˈtokɾuɾ/,v.,generate
tod,/tod/,nf.,lamb; virgin; victim
tojpli,/ˈtoxpli/,adj.,heavy; serious
tol,/tol/,nf.,oven
toma,/ˈtoma/,nf.,switch
ton,/ton/,nm.,coast
toñu,/ˈtoɲu/,adj.,sober
tor,/toɾ/,nm.,market; mall
tormi,/ˈtoɾmi/,nf.,beverage
tos,/tos/,v.,enjoy
tosando,/toˈsando/,nm.,ash
tospad,/ˈtospad/,nf.,mud
toste,/ˈtoste/,nm.,lava
tra,/tɾa/,v.,say
trad,/tɾad/,nm.,kit
tragla,/ˈtɾagla/,nm.,counsel
tragrad,/ˈtɾagɾad/,nm.,flood
tral,/tɾal/,nf.,offer
tral,/tɾal/,v.,offer
trale,/ˈtɾale/,v.,prick
tran,/tɾan/,nm.,bank; fund; charity
tranul,/ˈtɾanul/,v.,skid
trar,/tɾaɾ/,nm.,grocer
trari,/ˈtɾari/,nm.,bench
trarso,/ˈtɾaɾso/,v.,count; calculate
tre,/tɾe/,nm.,name; title
tre,/tɾe/,v.,name
trecad,/ˈtɾekad/,adj.,blonde
treche,/ˈtɾeʧe/,nm.,sewer
trecso,/ˈtɾekso/,adj.,ancient; antique
tred,/tɾed/,num.,ten
tredrul,/ˈtɾedɾul/,v.,appreciate
trefes,/ˈtɾefes/,nf.,illusion
tregni,/ˈtɾegni/,adj.,able; capable; competent
trel,/tɾel/,nf.,square
trel fojtra,/tɾel ˈfoxtɾa/,nm.,triangle
trello,/ˈtɾeʎo/,nm.,hay
tren,/tɾen/,adv.,yesterday
trepensu,/tɾeˈpensu/,nm.,paper
trer,/tɾeɾ/,nm.,meal; feast; picnic
treragol,/tɾeˈragol/,nf.,leaf; sheet
trero,/ˈtɾeɾo/,adj.,patient
tresdus,/ˈtɾesdus/,nm.,garbage; trash; rubbish
tri,/tɾi/,adj.,fat; big; obese
tri,/tɾi/,nm.,fat (bodily substance)
tribrelmemed,/ˌtɾibɾelˈmemed/,nf.,cafe
triced,/ˈtɾiked/,v.,lift; climb; escalate
trid,/tɾid/,v.,decay
tridoltur,/tɾiˈdoltuɾ/,nm.,graveyard
trifa,/ˈtɾifa/,nm.,spring (season)
trijas,/ˈtɾixas/,v.,drift
tril,/tɾil/,nm.,bunch
trilli,/ˈtɾiʎi/,nm.,drugstore
trimpa,/ˈtɾimpa/,nm.,deputy
trina,/ˈtɾina/,v.,escape; flee; dodge; retreat
trindri,/ˈtɾindɾi/,nm.,stable
trinse,/ˈtɾinse/,v.,haggle
trinsespa,/tɾinˈsespa/,nm.,bass
trir,/tɾiɾ/,nf.,tree; wood
tris,/tɾis/,nf.,wine
trisror,/ˈtɾisɾoɾ/,nm.,armory
tritris,/ˈtɾitɾis/,nf.,winery
tro,/tɾo/,det.,what
tro,/tɾo/,pron.,what
trobon,/ˈtɾobon/,conj.,unless
trobrela,/tɾoˈbɾela/,adj.,local
trocri,/ˈtɾokɾi/,nf.,basin; valley
trocu,/ˈtɾoku/,nm.,bulb (plant root)
trocui,/ˈtɾokwi/,adj.,fancy
trod,/tɾod/,v.,taste
trojtrar,/ˈtɾoxtɾaɾ/,nm.,recession
trol,/tɾol/,nf.,lounge; couch; sofa
trolmo,/ˈtɾolmo/,nf.,page
troncrol,/ˈtɾonkɾol/,nm.,remains; remnant
tronun,/ˈtɾonun/,num.,eleven
tror,/tɾoɾ/,v.,watch; look; spectate
trormo,/ˈtɾoɾmo/,nm.,hip
trose,/ˈtɾose/,nf.,pear
trosgro,/ˈtɾosgɾo/,nm.,fetus
tru,/tɾu/,nf.,sun; light
trucui,/ˈtɾukwi/,nf.,cat
trud,/tɾud/,nm.,past
trujpa,/ˈtɾuxpa/,nf.,apartment
trujpe,/ˈtɾuxpe/,v.,migrate
trul,/tɾul/,nm.,skeleton
trulci,/ˈtɾulki/,adj.,wet; damp; moist
trulis,/ˈtɾulis/,v.,withstand
trun,/tɾun/,nm.,cell (room in a prison); compartment
truño,/ˈtɾuɲo/,v.,raise; boost
trur,/tɾuɾ/,prep.,beyond
trura,/ˈtɾuɾa/,v.,peel
trurjo,/ˈtɾuɾxo/,nf.,lust
trurpe,/ˈtɾuɾpe/,nf.,toilet
trus,/tɾus/,nf.,clock
trusti,/ˈtɾusti/,nm.,museum
tu,/tu/,nm.,flesh
tubi,/ˈtubi/,adj.,narrow
tubjus,/ˈtubxus/,nf.,guilt
tubles,/ˈtubles/,nf.,wallet
tugnis,/ˈtugnis/,nm.,label
tujo,/ˈtuxo/,nm.,challenge
tulcu,/ˈtulku/,v.,delay; postpone; stall
tumpe,/ˈtumpe/,nm.,quilt
tumpo,/ˈtumpo/,v.,cast; hurl
tundo,/ˈtundo/,nm.,capacity
tunglu,/ˈtunglu/,nm.,peace; harmony; melody
tunsa,/ˈtunsa/,nm.,text
tupsor,/ˈtupsoɾ/,v.,innovate
tur,/tuɾ/,nf.,officer
turda,/ˈtuɾda/,v.,operate; perform; treat
turdo,/ˈtuɾdo/,adj.,empty; vacant; naked; nude; tired (needing rest)
turpe,/ˈtuɾpe/,v.,imagine
tus,/tus/,nf.,craft
tuspas,/ˈtuspas/,nf.,anchor
uanga,/uˈanga/,v.,sponsor
ubis,/ˈubis/,v.,reject; refuse; vomit; veto
ubos,/ˈubos/,nm.,version
ubsa,/ˈubsa/,v.,elect
ucuelgu,/uˈkwelgu/,nm.,neck; throat
ud,/ud/,nf.,month
uglun,/ˈuglun/,nf.,swamp
uigled,/uˈigled/,nf.,alphabet
ujpa,/ˈuxpa/,adj.,weak
ujpil,/ˈuxpil/,v.,limp
ujpir,/ˈuxpiɾ/,nm.,crumb
ujplos,/ˈuxplos/,nf.,season (quarter of the year)
ujplos blumo,/ˈuxplos ˈblumo/,nf.,summer
ujsal,/ˈuxsal/,nm.,gene
ujse,/ˈuxse/,nm.,pin
ujtrir,/ˈuxtɾiɾ/,nm.,fort
ul,/ul/,v.,talk; speak; chat; pronounce
ul sin,/ul sin/,nm.,gossip
uldri,/ˈuldɾi/,nf.,potion; elixir
ule,/ˈule/,nf.,saw
uligri,/uˈligɾi/,nf.,leisure; recreation
ullas,/ˈuʎas/,nf.,robe
ulser,/ˈulseɾ/,adj.,alternate
umplis,/ˈumplis/,nm.,fossil
umpre,/ˈumpɾe/,nm.,passenger
umpur,/ˈumpuɾ/,nm.,worm
un,/un/,det.,more
una,/ˈuna/,nm.,comedy; humor
unca,/ˈunka/,adv.,actually
unclu,/ˈunklu/,v.,survive
undrer,/ˈundɾeɾ/,nm.,load
undri,/ˈundɾi/,nf.,agriculture
uñe,/ˈuɲe/,adj.,conscious
unen,/ˈunen/,nf.,coffin
ungos,/ˈungos/,nm.,trumpet
uni,/ˈuni/,nm.,spouse
unmun,/ˈunmun/,nf.,genetics
unstre,/ˈunstɾe/,nf.,risk; hazard
unto,/ˈunto/,det.,enough
untrar,/ˈuntɾaɾ/,nm.,eagle
untrus,/ˈuntɾus/,nm.,fruit
untrus duñe,/ˈuntɾus ˈduɲe/,nm.,kidney
untun,/ˈuntun/,v.,row
upsarso,/upˈsaɾso/,nf.,pearl
uptir,/ˈuptiɾ/,nf.,pulse
ur,/uɾ/,conj.,until
ura,/ˈura/,nm.,controversy
urborde,/uɾˈboɾde/,adj.,custom
urcho,/ˈuɾʧo/,adj.,relevant
ures,/ˈures/,nf.,mat
urjus,/ˈuɾxus/,nm.,shoe
urla,/ˈuɾla/,nm.,alcohol; liquor
urmen,/ˈuɾmen/,adj.,false
urmi,/ˈuɾmi/,nf.,scarf
urnes,/ˈuɾnes/,v.,gather; congregate; rally; accumulate
uron,/ˈuron/,nm.,orphan
urpri,/ˈuɾpɾi/,v.,suffocate
us,/us/,det.,much
usa,/ˈusa/,nf.,drill
usgu,/ˈusgu/,nm.,host
usmod,/ˈusmod/,v.,identify; point out; diagnose
usmu,/ˈusmu/,nm.,stem; root
ustad,/ˈustad/,nm.,olive
ya,/ʎa/,nm.,oil; grease
yacro,/ˈʎakɾo/,adj.,crazy; insane; absurd
yacses,/ˈʎakses/,pron.,anything
yacu,/ˈʎaku/,v.,define
yacues,/ˈʎakwes/,nm.,lobster
yad,/ʎad/,nf.,hill; dune
yafi,/ˈʎafi/,nm.,trunk (large box)
yagno,/ˈʎagno/,nf.,chore
yagro,/ˈʎagɾo/,v.,break; burst; crash; shatter; snap; tear
yalpel,/ˈʎalpel/,nf.,plant
yan,/ʎan/,interj.,hello
yanda,/ˈʎanda/,v.,fry; simmer
yanfud,/ˈʎanfud/,v.,perch
yapru,/ˈʎapɾu/,nm.,mansion
yar,/ʎaɾ/,v.,read
yares,/ˈʎaɾes/,v.,cover up
yarma,/ˈʎaɾma/,nm.,buffalo
yarme,/ˈʎaɾme/,v.,bump
yarprene,/ʎaɾˈpɾene/,adj.,due
yas,/ʎas/,pron.,someone; somebody
yasdus,/ˈʎasdus/,adj.,spontaneous
ye,/ʎe/,v.,try (attempt); attempt
yechas,/ˈʎeʧas/,nf.,skirt
yecho,/ˈʎeʧo/,nf.,rumor; scandal
yecto,/ˈʎekto/,nm.,vision
yecuorte,/ʎeˈkwoɾte/,nm.,benefit; profit
yed,/ʎed/,v.,practice
yedru,/ˈʎedɾu/,nm.,maximum
yefol,/ˈʎefol/,nf.,species; kind; type; breed
yegi,/ˈʎexi/,nm.,jungle
yegla,/ˈʎegla/,nm.,privilege
yegle,/ˈʎegle/,nm.,information
yego,/ˈʎego/,nm.,sin
yejtre,/ˈʎextɾe/,nm.,dot; spot
yel,/ʎel/,v.,sort
yempru,/ˈʎempɾu/,adj.,damn
yencre,/ˈʎenkɾe/,nf.,footpath; sidewalk
yeno,/ˈʎeno/,v.,share; divide; segregate
yenus,/ˈʎenus/,nf.,ward
yer,/ʎeɾ/,nm.,grass; lawn; pasture
yerdi,/ˈʎeɾdi/,v.,contain; include
yerme,/ˈʎeɾme/,nm.,meadow
yero,/ˈʎeɾo/,v.,forget
yes,/ʎes/,nm.,issue; concern; problem
yesin,/ˈʎesin/,adj.,famous
yesmu,/ˈʎesmu/,nm.,shark
yeste,/ˈʎeste/,nf.,frame; cage; hull
yetren,/ˈʎetɾen/,v.,ride
yetro,/ˈʎetɾo/,v.,jerk
yi,/ʎi/,nm.,drug
yicse,/ˈʎikse/,adj.,absent
yid,/ʎid/,nm.,crew; gang
yigir,/ˈʎixiɾ/,nm.,witch
yigu,/ˈʎigu/,v.,foresee; predict; anticipate
yil,/ʎil/,nm.,greed
yille,/ˈʎiʎe/,nm.,hood
yimu,/ˈʎimu/,nm.,overdose
yin,/ʎin/,nm.,beach
yinbe,/ˈʎinbe/,nm.,furniture
yindri,/ˈʎindɾi/,nm.,napkin
yir,/ʎiɾ/,nf.,fox
yirbas,/ˈʎiɾbas/,nm.,experiment
yis,/ʎis/,v.,produce (manufacture)
yo,/ʎo/,v.,grab; clutch; grip
yobin,/ˈʎobin/,nm.,angel
yobla,/ˈʎobla/,nf.,base; ground
yocer,/ˈʎokeɾ/,adv.,well
yocso,/ˈʎokso/,adv.,nowadays
yod,/ʎod/,nm.,chest
yoglalal,/ʎoˈglalal/,v.,withdraw; take out
yogu,/ˈʎogu/,nm.,tap (faucet); valve
yol,/ʎol/,v.,lie
yol,/ʎol/,nm.,lie
yolga,/ˈʎolga/,nf.,arrow (weapon); arrow (sign)
yon,/ʎon/,nm.,tax; tariff
yonar,/ˈʎonaɾ/,nf.,hose
yonmis,/ˈʎonmis/,nm.,pottery
yoptu,/ˈʎoptu/,nm.,discovery
yor,/ʎoɾ/,adj.,normal; regular
yos,/ʎos/,nm.,religion
yosa,/ˈʎosa/,nm.,pandemic
yosinbes,/ʎoˈsinbes/,nf.,wrinkle; crease; kink (sharp twist)
yu,/ʎu/,v.,fall; drop; stumble
yuctu,/ˈʎuktu/,v.,retrieve; bring back; fetch; recover
yud,/ʎud/,v.,detain
yul,/ʎul/,nm.,debt
yulsa,/ˈʎulsa/,nm.,honor
yumplud,/ˈʎumplud/,nm.,coconut
yumu,/ˈʎumu/,nm.,bead
yun,/ʎun/,adj.,steep
yunos,/ˈʎunos/,v.,pass; happen; occur
yur,/ʎuɾ/,v.,seek
yursar,/ˈʎuɾsaɾ/,nf.,brain; wit
yus,/ʎus/,nf.,empire
yuses,/ˈʎuses/,v.,judge
yusgre,/ˈʎusgɾe/,nm.,face; forehead; brow; side; front; expression; facade; surface
yusi,/ˈʎusi/,nm.,darling
yuslud,/ˈʎuslud/,nf.,flake
yusmu,/ˈʎusmu/,nf.,trunk (of tree)
yutrer,/ˈʎutɾeɾ/,adj.,noble